SNo,Name,Symbol,Date,High,Low,Open,Close,Volume,Marketcap,Quarter,AverageQuarterReturn,Year,AverageYearlyReturn,,,
1,Cosmos,ATOM,15/3/2019,7.715248872,6.432468205,6.633173881,7.504351299,6057301.366,0,2019 Q1,4.337798199,2019,3.979258184,,,
2,Cosmos,ATOM,16/3/2019,8.305615286,6.694530522,7.507990002,7.383882081,3477392.636,0,2019 Q2,5.002042859,2020,4.126263374,,,
3,Cosmos,ATOM,17/3/2019,7.357443027,4.727895228,7.357443027,4.776164148,2653565.214,0,2019 Q3,3.338166636,2021,16.29351755,,,
4,Cosmos,ATOM,18/3/2019,5.229981511,4.828242369,4.828242369,5.110341096,2567200.533,0,2019 Q4,3.542430322,,,,,
5,Cosmos,ATOM,19/3/2019,5.206171652,4.794500947,5.099977592,4.821883116,3891084.293,0,2020 Q1,3.768772016,,,,,
6,Cosmos,ATOM,20/3/2019,4.835414727,3.871130331,4.817675073,4.381394601,3934420.911,0,2020 Q2,2.615469123,,,,,
7,Cosmos,ATOM,21/3/2019,4.421520143,3.585871056,4.421520143,3.632948205,3901346.456,0,2020 Q3,4.903568278,,,,,
8,Cosmos,ATOM,22/3/2019,3.633277556,3.285578806,3.631107702,3.498546449,4680808.383,0,2020 Q4,5.196936626,,,,,
9,Cosmos,ATOM,23/3/2019,3.533851594,3.337097416,3.506196386,3.445516363,4409796.932,0,2021 Q1,14.72531148,,,,,
10,Cosmos,ATOM,24/3/2019,3.881491263,3.428649564,3.445452012,3.765243305,3928802.856,0,2021 Q2,18.10928695,,,,,
11,Cosmos,ATOM,25/3/2019,3.956022698,3.664218884,3.749194119,3.778340815,4661791.173,0,2021 Q3,12.27743927,,,,,
12,Cosmos,ATOM,26/3/2019,3.828025349,3.482586008,3.761046214,3.743902813,6463760.139,0,,,,,,,
13,Cosmos,ATOM,27/3/2019,3.828119924,3.596314829,3.746466919,3.776921172,7031766.594,0,,,,,,,
14,Cosmos,ATOM,28/3/2019,3.787516192,3.482593122,3.773730018,3.492386035,6030319.855,0,,,,,,,
15,Cosmos,ATOM,29/3/2019,3.552861661,3.40845268,3.489571143,3.539836509,4012185.12,0,,,,,,,
16,Cosmos,ATOM,30/3/2019,3.562510937,3.3794996,3.540853954,3.466585463,3370884.258,0,,,,,,,
17,Cosmos,ATOM,31/3/2019,3.628399317,3.440875917,3.466585463,3.624325914,3945618.419,0,,,,,,,
18,Cosmos,ATOM,1/4/2019,3.86930739,3.595103138,3.61007666,3.725182923,4158589.481,0,,,,,,,
19,Cosmos,ATOM,2/4/2019,3.834566599,3.610953019,3.761943096,3.787196624,5365042.91,0,,,,,,,
20,Cosmos,ATOM,3/4/2019,3.925277351,3.663749348,3.787196624,3.766951885,5083727.057,0,,,,,,,
21,Cosmos,ATOM,4/4/2019,3.831843496,3.703185322,3.762897614,3.747295395,5321012.481,0,,,,,,,
22,Cosmos,ATOM,5/4/2019,3.83987875,3.673582354,3.744651804,3.808442826,5415803.078,0,,,,,,,
23,Cosmos,ATOM,6/4/2019,4.462975895,3.770066649,3.809261912,4.447355336,4623456.354,0,,,,,,,
24,Cosmos,ATOM,7/4/2019,4.886762118,4.341927434,4.473975622,4.616360778,4191618.527,0,,,,,,,
25,Cosmos,ATOM,8/4/2019,5.847438641,4.615644124,4.634587901,5.450051946,4041529.767,0,,,,,,,
26,Cosmos,ATOM,9/4/2019,5.471555718,3.803919178,5.450051946,3.844098356,5205817,0,,,,,,,
27,Cosmos,ATOM,10/4/2019,4.183902404,3.670327298,3.802624284,3.749782544,4666417.084,0,,,,,,,
28,Cosmos,ATOM,11/4/2019,3.864195123,3.483564212,3.770163264,3.509812507,5287619.357,0,,,,,,,
29,Cosmos,ATOM,12/4/2019,4.334712317,3.482812493,3.517529638,4.306536445,4766004.354,0,,,,,,,
30,Cosmos,ATOM,13/4/2019,4.468787264,4.168932906,4.304441478,4.30303665,4074111.874,0,,,,,,,
31,Cosmos,ATOM,14/4/2019,4.488017663,4.124598973,4.30303665,4.462687047,4087544.866,0,,,,,,,
32,Cosmos,ATOM,15/4/2019,4.488488476,4.285023013,4.462687047,4.349614526,4043797.754,0,,,,,,,
33,Cosmos,ATOM,16/4/2019,4.475858278,4.273778916,4.343881304,4.418631072,6687900.34,0,,,,,,,
34,Cosmos,ATOM,17/4/2019,4.443652939,4.286220136,4.360103157,4.345787724,5040510.376,0,,,,,,,
35,Cosmos,ATOM,18/4/2019,4.424222562,4.271443822,4.34493852,4.362478096,3962743.124,0,,,,,,,
36,Cosmos,ATOM,19/4/2019,4.898667976,4.296156052,4.364133982,4.876116791,5806996.876,0,,,,,,,
37,Cosmos,ATOM,20/4/2019,5.439562086,4.857436593,4.868496087,5.435583036,4130470.934,0,,,,,,,
38,Cosmos,ATOM,21/4/2019,5.476657272,4.651667866,5.40198877,5.215819176,4423092.451,0,,,,,,,
39,Cosmos,ATOM,22/4/2019,6.94810038,4.242541684,5.170827157,4.383468677,14693545.43,0,,,,,,,
40,Cosmos,ATOM,23/4/2019,5.313592564,4.114495405,4.383468677,4.122130883,69288592.62,0,,,,,,,
41,Cosmos,ATOM,24/4/2019,4.14608214,3.096780063,4.122130883,3.636692739,51989409.86,0,,,,,,,
42,Cosmos,ATOM,25/4/2019,3.778509634,3.227088639,3.686125119,3.304497828,38575975.2,0,,,,,,,
43,Cosmos,ATOM,26/4/2019,3.773335669,3.193769037,3.304625741,3.633435242,36448157.57,0,,,,,,,
44,Cosmos,ATOM,27/4/2019,3.670702069,3.394357601,3.640850533,3.434101889,24145209.77,0,,,,,,,
45,Cosmos,ATOM,28/4/2019,5.144618771,3.397948591,3.437664701,4.430444933,88477197.26,0,,,,,,,
46,Cosmos,ATOM,29/4/2019,4.670700569,3.697371597,4.45583699,3.747836851,86344115.31,0,,,,,,,
47,Cosmos,ATOM,30/4/2019,4.043845965,3.747669361,3.747669361,3.937069602,53924932.89,750753657.4,,,,,,,
48,Cosmos,ATOM,1/5/2019,4.604541881,3.918005463,3.935183956,4.390123783,90528587.53,837145852,,,,,,,
49,Cosmos,ATOM,2/5/2019,4.622559244,4.229016964,4.389837991,4.594657512,83803870.64,876148069.7,,,,,,,
50,Cosmos,ATOM,3/5/2019,5.343217913,4.567493883,4.594913997,5.310845243,161847460.6,1012716790,,,,,,,
51,Cosmos,ATOM,4/5/2019,5.583137496,4.793865492,5.312575584,5.259991924,164883490.2,1003019650,,,,,,,
52,Cosmos,ATOM,5/5/2019,5.262257206,4.789270985,5.262257206,4.85370542,68292314.74,925545511,,,,,,,
53,Cosmos,ATOM,6/5/2019,4.864409032,4.520401498,4.851186772,4.725382449,63030289.75,901075803.8,,,,,,,
54,Cosmos,ATOM,7/5/2019,5.03480826,4.613525815,4.726505683,4.613525815,58235752.11,879746036.9,,,,,,,
55,Cosmos,ATOM,8/5/2019,4.599731208,4.269427709,4.599731208,4.35483871,60816519.61,830417396.6,,,,,,,
56,Cosmos,ATOM,9/5/2019,4.473283929,3.533513787,4.368480981,3.896407461,76347150.85,742999857.3,,,,,,,
57,Cosmos,ATOM,10/5/2019,4.111482321,3.691583631,3.895256118,3.832914227,53606616.81,730892431.5,,,,,,,
58,Cosmos,ATOM,11/5/2019,4.173972887,3.732555485,3.834794284,4.0177799,72859936.58,766144178.1,,,,,,,
59,Cosmos,ATOM,12/5/2019,4.061388247,3.710906854,4.000134528,3.772999246,45901518.22,719467337.3,,,,,,,
60,Cosmos,ATOM,13/5/2019,4.153659951,3.759233176,3.772999246,3.936922953,63138771.6,750725693.2,,,,,,,
61,Cosmos,ATOM,14/5/2019,4.097126426,3.825239123,3.948254755,3.998229353,68024772.11,762416114.9,,,,,,,
62,Cosmos,ATOM,15/5/2019,4.619979472,3.989368832,3.997044578,4.529068328,81407357.46,863640970.5,,,,,,,
63,Cosmos,ATOM,16/5/2019,4.771327141,4.037931148,4.525318223,4.278079395,76583312.86,815780282.6,,,,,,,
64,Cosmos,ATOM,17/5/2019,4.789171022,3.94794529,4.274661469,4.396433725,117708947.5,838349085.1,,,,,,,
65,Cosmos,ATOM,18/5/2019,4.965437987,4.346906064,4.396433725,4.713703759,72187065.61,898848812.7,,,,,,,
66,Cosmos,ATOM,19/5/2019,5.172007746,4.648653568,4.70618694,4.89426633,82033955.56,933280007.5,,,,,,,
67,Cosmos,ATOM,20/5/2019,4.91095359,4.542560157,4.89426633,4.724706686,69473607.07,900946943.6,,,,,,,
68,Cosmos,ATOM,21/5/2019,4.805142382,4.550700339,4.714468152,4.7755585,57280910.92,910643796.7,,,,,,,
69,Cosmos,ATOM,22/5/2019,4.80074223,4.357852737,4.7755585,4.359100114,53427876.73,831229997.1,,,,,,,
70,Cosmos,ATOM,23/5/2019,4.372058395,4.13252999,4.352471331,4.335001234,50139060.34,826634619.2,,,,,,,
71,Cosmos,ATOM,24/5/2019,4.767505926,4.282444874,4.338859153,4.472952727,82477988.97,852940374.1,,,,,,,
72,Cosmos,ATOM,25/5/2019,4.605970538,4.345797471,4.472952727,4.424700555,43392192.37,843739242.8,,,,,,,
73,Cosmos,ATOM,26/5/2019,4.545763441,4.285958893,4.415332487,4.508584246,49349631.95,859734892.9,,,,,,,
74,Cosmos,ATOM,27/5/2019,4.709647499,4.516543582,4.516543582,4.669845114,75962592.52,890485476.1,,,,,,,
75,Cosmos,ATOM,28/5/2019,4.816157434,4.508034296,4.670135571,4.76204018,56441565.31,908066009.2,,,,,,,
76,Cosmos,ATOM,29/5/2019,4.812483233,4.514012599,4.76204018,4.689263101,52450619.85,894188261.7,,,,,,,
77,Cosmos,ATOM,30/5/2019,6.536581869,4.685122147,4.689263101,5.939966552,272876291.2,1132682951,,,,,,,
78,Cosmos,ATOM,31/5/2019,5.948746186,5.277598086,5.939966552,5.813032956,136736662.1,1108478181,,,,,,,
79,Cosmos,ATOM,1/6/2019,6.300856569,5.692282552,5.813684528,5.780049482,125167746.7,1102188614,,,,,,,
80,Cosmos,ATOM,2/6/2019,6.360078256,5.604044633,5.780049482,6.357302104,84717217.8,1212264016,,,,,,,
81,Cosmos,ATOM,3/6/2019,7.252391357,6.075657121,6.357302104,6.612277065,212229620,1260884793,,,,,,,
82,Cosmos,ATOM,4/6/2019,6.8423552,5.814772772,6.606973958,5.919370653,129719690.7,1128755551,,,,,,,
83,Cosmos,ATOM,5/6/2019,6.294137763,5.691377779,5.938306701,6.184024977,93898670.08,1179222071,,,,,,,
84,Cosmos,ATOM,6/6/2019,6.182962136,5.67955992,6.179598373,6.058681273,78003589.63,1155320476,,,,,,,
85,Cosmos,ATOM,7/6/2019,6.582480543,5.939314401,6.055584579,6.33933821,101407236.8,1208838509,,,,,,,
86,Cosmos,ATOM,8/6/2019,6.3484639,5.981265202,6.339460274,6.138371302,50257189.62,1170516443,,,,,,,
87,Cosmos,ATOM,9/6/2019,6.194450981,5.707989062,6.136792747,5.872390858,49629336.64,1119797047,,,,,,,
88,Cosmos,ATOM,10/6/2019,6.11066915,5.766838238,5.856109336,6.108678197,61495899.46,1164854311,,,,,,,
89,Cosmos,ATOM,11/6/2019,6.172414727,5.807267421,6.111079862,5.983658183,53676890.69,1141014440,,,,,,,
90,Cosmos,ATOM,12/6/2019,6.270923718,5.900940661,5.98371377,6.131582253,63690195.43,1169221850,,,,,,,
91,Cosmos,ATOM,13/6/2019,6.524449343,6.076065856,6.130769627,6.286848979,67900351.52,1198829419,,,,,,,
92,Cosmos,ATOM,14/6/2019,6.301536355,5.946177904,6.287564305,6.299399364,68909618.77,1201222633,,,,,,,
93,Cosmos,ATOM,15/6/2019,6.302372256,6.123649486,6.302372256,6.200674384,51688148.42,1182396920,,,,,,,
94,Cosmos,ATOM,16/6/2019,6.742356658,6.158507049,6.200674384,6.742356658,70784039.41,1285689468,,,,,,,
95,Cosmos,ATOM,17/6/2019,7.103717448,6.475533144,6.738471981,7.017254392,81971935.49,1338109288,,,,,,,
96,Cosmos,ATOM,18/6/2019,7.041426188,6.498126962,7.014987508,6.5859882,58369435.27,1255871810,,,,,,,
97,Cosmos,ATOM,19/6/2019,6.81404466,6.58120036,6.585860907,6.648993823,44465849.94,1267886254,,,,,,,
98,Cosmos,ATOM,20/6/2019,6.68516703,6.310765679,6.644633301,6.495860712,62912912.61,1238685540,,,,,,,
99,Cosmos,ATOM,21/6/2019,6.585897257,6.358042639,6.49754449,6.515581273,64958852.02,1242446023,,,,,,,
100,Cosmos,ATOM,22/6/2019,6.922904825,6.50597164,6.51920945,6.691568736,82497464.66,1276004798,,,,,,,
101,Cosmos,ATOM,23/6/2019,7.154595598,6.631295111,6.686858487,6.802725655,68464562.04,1297201138,,,,,,,
102,Cosmos,ATOM,24/6/2019,6.823620217,6.5422508,6.802725655,6.639571732,58307067.42,1266089571,,,,,,,
103,Cosmos,ATOM,25/6/2019,6.729861359,6.479760639,6.643968752,6.57953551,75054340.38,1254641357,,,,,,,
104,Cosmos,ATOM,26/6/2019,6.831309663,6.199268473,6.57953551,6.306944782,115261167.7,1202661457,,,,,,,
105,Cosmos,ATOM,27/6/2019,6.381230308,5.307816073,6.306944782,5.469207956,138471352.9,1042914729,,,,,,,
106,Cosmos,ATOM,28/6/2019,5.95889849,5.381581085,5.47204868,5.921550088,100518290.5,1129171144,,,,,,,
107,Cosmos,ATOM,29/6/2019,6.15729309,5.62191355,5.924732732,6.079551452,86786957.68,1159300177,,,,,,,
108,Cosmos,ATOM,30/6/2019,6.105715733,5.413434125,6.079892098,5.413434125,83453263.96,1032279304,,,,,,,
109,Cosmos,ATOM,1/7/2019,5.683149556,5.156232665,5.413434125,5.462667494,90786814.05,1041667538,,,,,,,
110,Cosmos,ATOM,2/7/2019,5.636811784,5.10636034,5.458837429,5.349032571,95698663.69,1019998672,,,,,,,
111,Cosmos,ATOM,3/7/2019,5.635580857,5.331543,5.345704753,5.605543271,87321335,1068912297,,,,,,,
112,Cosmos,ATOM,4/7/2019,5.790026201,5.490772008,5.606879717,5.492154111,67162234.02,1047290295,,,,,,,
113,Cosmos,ATOM,5/7/2019,5.503677555,5.354402311,5.491083075,5.358716122,65187396.88,1021845213,,,,,,,
114,Cosmos,ATOM,6/7/2019,5.496671411,5.269104243,5.360368219,5.290813776,57677233.11,1008897021,,,,,,,
115,Cosmos,ATOM,7/7/2019,5.434322067,5.206766891,5.291587484,5.406419794,53427682.85,1030941752,,,,,,,
116,Cosmos,ATOM,8/7/2019,5.429670371,5.138782409,5.408764041,5.191361097,59231942.7,989932544.9,,,,,,,
117,Cosmos,ATOM,9/7/2019,5.216037486,4.919868405,5.19145695,5.008280064,108308604.5,955021108.5,,,,,,,
118,Cosmos,ATOM,10/7/2019,5.014423597,4.229575456,4.994656749,4.486176147,137049791.5,855461927.5,,,,,,,
119,Cosmos,ATOM,11/7/2019,4.653531134,4.086902772,4.487552387,4.347078177,219122792.1,828937552.6,,,,,,,
120,Cosmos,ATOM,12/7/2019,4.600856647,4.227299374,4.351506353,4.540363469,55529844.54,865794823.4,,,,,,,
121,Cosmos,ATOM,13/7/2019,4.549964125,4.151797489,4.379996269,4.280135676,236384357.3,816172391.6,,,,,,,
122,Cosmos,ATOM,14/7/2019,4.286765129,3.818203587,4.282011871,3.820683215,237373610.3,728560118.9,,,,,,,
123,Cosmos,ATOM,15/7/2019,4.434765428,3.576704869,3.825202089,4.188706035,244025539.1,798737816.1,,,,,,,
124,Cosmos,ATOM,16/7/2019,4.249953629,3.554435639,4.18985162,3.65094378,169476662.8,696192770.9,,,,,,,
125,Cosmos,ATOM,17/7/2019,4.014490143,3.572632879,3.645372377,3.833144131,194212503.5,730936271.5,,,,,,,
126,Cosmos,ATOM,18/7/2019,4.176224573,3.704270656,3.850548675,4.119472517,195747961.3,785535784.6,,,,,,,
127,Cosmos,ATOM,19/7/2019,4.203369695,3.835163434,4.119472517,3.935251592,176444670.7,750406984,,,,,,,
128,Cosmos,ATOM,20/7/2019,4.216889779,3.940143829,3.942098333,4.071419872,178338930,776372700.8,,,,,,,
129,Cosmos,ATOM,21/7/2019,4.323079099,3.998459299,4.071419872,4.228220709,183003172.2,806272807.5,,,,,,,
130,Cosmos,ATOM,22/7/2019,4.340482624,3.904902116,4.220596676,3.999824813,128878764.1,762720350.7,,,,,,,
131,Cosmos,ATOM,23/7/2019,4.001848,3.713749229,4.001848,3.723969249,122638989.6,710117883.7,,,,,,,
132,Cosmos,ATOM,24/7/2019,4.062585095,3.624465506,3.732592233,3.910559381,139544674.2,745698464.7,,,,,,,
133,Cosmos,ATOM,25/7/2019,4.033094143,3.811537832,3.905248552,3.834995484,118915408.8,731289303.1,,,,,,,
134,Cosmos,ATOM,26/7/2019,3.925588034,3.714280786,3.825568543,3.904642013,116669870.5,744570091.1,,,,,,,
135,Cosmos,ATOM,27/7/2019,4.010406894,3.565451543,3.901704245,3.616744945,117266920.1,689671448.5,,,,,,,
136,Cosmos,ATOM,28/7/2019,3.670360669,3.501673686,3.616744945,3.617754077,110281448.8,689863878.3,,,,,,,
137,Cosmos,ATOM,29/7/2019,3.684066218,3.549428476,3.615105181,3.603481182,119873997.4,687142202.3,,,,,,,
138,Cosmos,ATOM,30/7/2019,3.660222613,3.515838199,3.603824808,3.596430185,114588229.2,685797658.6,,,,,,,
139,Cosmos,ATOM,31/7/2019,3.75239769,3.595006037,3.595006037,3.658560352,115217466.6,697645163.2,,,,,,,
140,Cosmos,ATOM,1/8/2019,3.679114795,3.47721078,3.656572878,3.557588127,68444005.44,678390927.3,,,,,,,
141,Cosmos,ATOM,2/8/2019,3.897438457,3.525484719,3.554552978,3.658143495,106897992.4,697565673.5,,,,,,,
142,Cosmos,ATOM,3/8/2019,3.793300548,3.636912034,3.655190377,3.705144389,94736604.13,706528200.6,,,,,,,
143,Cosmos,ATOM,4/8/2019,3.778415665,3.592784464,3.702656584,3.610542763,90515498.93,688488764.2,,,,,,,
144,Cosmos,ATOM,5/8/2019,3.873840877,3.608226826,3.608226826,3.791247008,132794918,722946974.5,,,,,,,
145,Cosmos,ATOM,6/8/2019,3.796455941,3.506479217,3.791844227,3.554883179,126484098.9,677875124.9,,,,,,,
146,Cosmos,ATOM,7/8/2019,3.6788318,3.468520403,3.549980311,3.495238735,127921986.8,666501618.9,,,,,,,
147,Cosmos,ATOM,8/8/2019,3.498906652,3.161693605,3.495238735,3.262284285,129180828.1,622079898.5,,,,,,,
148,Cosmos,ATOM,9/8/2019,3.306656513,3.086930866,3.26839048,3.13959045,121369452.3,598683602.6,,,,,,,
149,Cosmos,ATOM,10/8/2019,3.365177667,3.136925397,3.13959045,3.336407469,131283352.2,636214332.8,,,,,,,
150,Cosmos,ATOM,11/8/2019,3.528981116,3.292855903,3.338746092,3.524474386,119824702.1,672076519.7,,,,,,,
151,Cosmos,ATOM,12/8/2019,3.636110451,3.33217761,3.525694747,3.33217761,136927300.3,635407747.5,,,,,,,
152,Cosmos,ATOM,13/8/2019,3.341186564,3.150990977,3.33364399,3.249927896,130277229.2,619723678,,,,,,,
153,Cosmos,ATOM,14/8/2019,3.282709061,2.842962244,3.246896594,2.842962244,143341868.8,542120033,,,,,,,
154,Cosmos,ATOM,15/8/2019,2.988696998,2.720728111,2.844371255,2.950677881,118159630.9,562660159.8,,,,,,,
155,Cosmos,ATOM,16/8/2019,3.015369908,2.832096453,2.948313063,2.919067128,128767169.2,556632354.6,,,,,,,
156,Cosmos,ATOM,17/8/2019,2.947621868,2.83860255,2.947621868,2.900761946,100937146.4,553141768,,,,,,,
157,Cosmos,ATOM,18/8/2019,2.994678665,2.866457211,2.905883759,2.97660701,104947554.5,567604544.8,,,,,,,
158,Cosmos,ATOM,19/8/2019,2.985434727,2.814128776,2.985434727,2.910045635,120726904.3,554912060.2,,,,,,,
159,Cosmos,ATOM,20/8/2019,2.92754279,2.780820622,2.910045635,2.887889039,120939298.6,550687053.5,,,,,,,
160,Cosmos,ATOM,21/8/2019,2.884456378,2.601519675,2.866804842,2.651960475,130044350.2,505698203.8,,,,,,,
161,Cosmos,ATOM,22/8/2019,2.741715312,2.571696987,2.651960475,2.719685099,102851812.5,518612506.6,,,,,,,
162,Cosmos,ATOM,23/8/2019,2.75960967,2.593706964,2.719685099,2.704519043,129721582.2,515720515.2,,,,,,,
163,Cosmos,ATOM,24/8/2019,2.739423573,2.609002782,2.696192156,2.700414851,106694696.7,514937893.2,,,,,,,
164,Cosmos,ATOM,25/8/2019,2.741005294,2.612098867,2.700414851,2.618668813,104651641.6,499349868.8,,,,,,,
165,Cosmos,ATOM,26/8/2019,2.702257241,2.593973705,2.630014216,2.624645887,103446660.2,500489627.6,,,,,,,
166,Cosmos,ATOM,27/8/2019,2.638485816,2.503214864,2.619704439,2.561469344,123595892.9,488442591.2,,,,,,,
167,Cosmos,ATOM,28/8/2019,2.602421946,2.321817925,2.569105944,2.321817925,131788398.8,442743836.1,,,,,,,
168,Cosmos,ATOM,29/8/2019,2.329869505,2.160256112,2.329869505,2.174729877,144367075.4,414695845.9,,,,,,,
169,Cosmos,ATOM,30/8/2019,2.231462368,2.105454415,2.174729877,2.159445379,99188202.23,411781268.8,,,,,,,
170,Cosmos,ATOM,31/8/2019,2.174719016,2.005923316,2.161543859,2.037910226,107053452.8,388605920.2,,,,,,,
171,Cosmos,ATOM,1/9/2019,2.226421361,2.012013201,2.041727097,2.138348093,110298864,407758260.3,,,,,,,
172,Cosmos,ATOM,2/9/2019,2.172283085,2.06760796,2.137407392,2.120806614,117415985,404413303.1,,,,,,,
173,Cosmos,ATOM,3/9/2019,2.220268606,2.11584322,2.119879798,2.161518419,127964523.9,412176573.6,,,,,,,
174,Cosmos,ATOM,4/9/2019,2.163435011,2.032474243,2.159652699,2.047813462,107148222.3,390494352.8,,,,,,,
175,Cosmos,ATOM,5/9/2019,2.049751993,1.910991952,2.046339577,1.948078182,113255491,371475987.9,,,,,,,
176,Cosmos,ATOM,6/9/2019,2.252826647,1.944801011,1.948078182,2.043330199,133395732.5,389639446.4,,,,,,,
177,Cosmos,ATOM,7/9/2019,2.287472309,2.038232305,2.046778102,2.175767442,146368018.5,414893697.5,,,,,,,
178,Cosmos,ATOM,8/9/2019,2.745551391,2.159430436,2.175767442,2.734102502,196201838.9,521361738.7,,,,,,,
179,Cosmos,ATOM,9/9/2019,2.96387365,2.454247559,2.734102502,2.740284832,225072496.6,522540637.6,,,,,,,
180,Cosmos,ATOM,10/9/2019,2.934082735,2.538529143,2.738977446,2.594302033,189092870.9,494703405.4,,,,,,,
181,Cosmos,ATOM,11/9/2019,2.698344779,2.424535808,2.598294503,2.574536339,144069230.7,490934316.1,,,,,,,
182,Cosmos,ATOM,12/9/2019,3.202408205,2.510250661,2.581558246,3.080332047,192961556.7,587383710.3,,,,,,,
183,Cosmos,ATOM,13/9/2019,3.298107477,3.013165026,3.080332047,3.173574124,199583059.5,605163896.4,,,,,,,
184,Cosmos,ATOM,14/9/2019,3.235047668,2.999977434,3.173089632,3.105747572,173629172.4,592230157.1,,,,,,,
185,Cosmos,ATOM,15/9/2019,3.541264082,3.10202702,3.105196482,3.448310301,189272973.5,657552909.1,,,,,,,
186,Cosmos,ATOM,16/9/2019,3.563088114,3.179764943,3.444851961,3.319442679,180803359.7,632979343.5,,,,,,,
187,Cosmos,ATOM,17/9/2019,3.441620242,3.215771995,3.328590023,3.322425716,177431367.1,633548174.1,,,,,,,
188,Cosmos,ATOM,18/9/2019,3.396951921,3.264840535,3.314465435,3.310054704,163496341.5,631189165.1,,,,,,,
189,Cosmos,ATOM,19/9/2019,3.307332964,2.943599131,3.307332964,3.130262991,184157574.6,596904964.1,,,,,,,
190,Cosmos,ATOM,20/9/2019,3.256752688,3.078776694,3.138014652,3.184975591,148024573.4,607338024.3,,,,,,,
191,Cosmos,ATOM,21/9/2019,3.288110676,3.035768663,3.183295153,3.074527492,146995495.1,586276848.8,,,,,,,
192,Cosmos,ATOM,22/9/2019,3.083596181,2.814154415,3.074326966,2.910507396,140188583.9,555000112.5,,,,,,,
193,Cosmos,ATOM,23/9/2019,2.919305831,2.580060809,2.919305831,2.580060809,129682436.3,491987768.6,,,,,,,
194,Cosmos,ATOM,24/9/2019,2.661349372,2.093344763,2.582654587,2.241803213,188249040.5,427485955.6,,,,,,,
195,Cosmos,ATOM,25/9/2019,2.422745673,2.163023654,2.233317167,2.303594562,177658028.1,439268851.5,,,,,,,
196,Cosmos,ATOM,26/9/2019,2.352822046,2.087979474,2.300976647,2.221994011,140448612.8,423708570,,,,,,,
197,Cosmos,ATOM,27/9/2019,2.293057538,2.171212371,2.224325375,2.29135375,113206441.1,436934670.3,,,,,,,
198,Cosmos,ATOM,28/9/2019,2.310767421,2.211607448,2.290030354,2.282186874,96812584.39,435186652.9,,,,,,,
199,Cosmos,ATOM,29/9/2019,2.288228872,2.117684875,2.276653813,2.206497049,106690214.9,420753478.3,,,,,,,
200,Cosmos,ATOM,30/9/2019,2.651532247,2.187646431,2.206907178,2.630318637,136780366.8,501571355.4,,,,,,,
201,Cosmos,ATOM,1/10/2019,2.64680332,2.49425761,2.64680332,2.550405025,118931113.1,486332753.6,,,,,,,
202,Cosmos,ATOM,2/10/2019,2.617739085,2.441568556,2.550405025,2.603998254,116200105.8,496552362.7,,,,,,,
203,Cosmos,ATOM,3/10/2019,2.656810059,2.51711668,2.605711071,2.581556173,112791728.2,492272917.4,,,,,,,
204,Cosmos,ATOM,4/10/2019,2.616079754,2.498163508,2.579128067,2.586069904,93827666.75,493133633.6,,,,,,,
205,Cosmos,ATOM,5/10/2019,2.773751651,2.560004632,2.586069904,2.746641117,105799481.9,523752707.6,,,,,,,
206,Cosmos,ATOM,6/10/2019,2.772829723,2.608509408,2.749867553,2.666872999,99964726.75,508541849.8,,,,,,,
207,Cosmos,ATOM,7/10/2019,2.945997676,2.585021088,2.671591309,2.909279896,116735138.8,554766042.6,,,,,,,
208,Cosmos,ATOM,8/10/2019,3.061502318,2.842129637,2.909026308,2.914127153,143729012.8,555690358.5,,,,,,,
209,Cosmos,ATOM,9/10/2019,3.023419369,2.838633974,2.913662676,2.912069463,133198475.3,555297980.8,,,,,,,
210,Cosmos,ATOM,10/10/2019,2.997543078,2.735942277,2.910698364,2.904069967,170166340.2,553772569.4,,,,,,,
211,Cosmos,ATOM,11/10/2019,2.917605943,2.753717441,2.905600807,2.835449775,147536934.8,540687492.1,,,,,,,
212,Cosmos,ATOM,12/10/2019,2.874442945,2.802775452,2.835449775,2.839612837,130032624.6,541481339.8,,,,,,,
213,Cosmos,ATOM,13/10/2019,2.921329728,2.802924982,2.839180149,2.879394534,138183164.4,549067249.6,,,,,,,
214,Cosmos,ATOM,14/10/2019,3.121096062,2.87857828,2.879394534,3.101981186,160775420.4,591511950.7,,,,,,,
215,Cosmos,ATOM,15/10/2019,3.154889924,2.912731362,3.099701147,2.949642729,159637351,562462768.2,,,,,,,
216,Cosmos,ATOM,16/10/2019,2.955122896,2.719658149,2.948856751,2.851937162,145829662.2,543831446.2,,,,,,,
217,Cosmos,ATOM,17/10/2019,2.961138681,2.764762374,2.852480974,2.919396037,130110997.3,556695073.6,,,,,,,
218,Cosmos,ATOM,18/10/2019,2.927292301,2.715778798,2.920582391,2.753817098,139559230.2,525121084.2,,,,,,,
219,Cosmos,ATOM,19/10/2019,2.809575565,2.714327621,2.752797021,2.761107457,123206076.3,526511271.5,,,,,,,
220,Cosmos,ATOM,20/10/2019,2.937845545,2.709971086,2.762566181,2.904083547,123509827.4,553775158.9,,,,,,,
221,Cosmos,ATOM,21/10/2019,3.005409692,2.850489701,2.910917503,2.989312761,138325074.4,570027384.7,,,,,,,
222,Cosmos,ATOM,22/10/2019,3.021053908,2.865370564,2.992247224,2.878585122,139307789.6,548912904,,,,,,,
223,Cosmos,ATOM,23/10/2019,2.909453757,2.600212615,2.876808705,2.688954339,154724340.6,512752506,,,,,,,
224,Cosmos,ATOM,24/10/2019,2.866228596,2.660052683,2.689264851,2.848344862,121047890.3,543146436.1,,,,,,,
225,Cosmos,ATOM,25/10/2019,3.105869045,2.791511886,2.849664912,3.015940851,202151947.7,575105053.6,,,,,,,
226,Cosmos,ATOM,26/10/2019,3.271382796,3.012741391,3.016936743,3.087686419,247034524.2,588786104,,,,,,,
227,Cosmos,ATOM,27/10/2019,3.293259716,2.978382933,3.087686419,3.202881253,202467915,610752427.2,,,,,,,
228,Cosmos,ATOM,28/10/2019,3.330672212,3.078584802,3.203272899,3.114769639,201010232.3,593950560.8,,,,,,,
229,Cosmos,ATOM,29/10/2019,3.200468808,3.077947076,3.111276801,3.155984595,174949603.2,601809776.5,,,,,,,
230,Cosmos,ATOM,30/10/2019,3.195446415,2.973503689,3.153386715,3.035279269,159635853.3,578792666.3,,,,,,,
231,Cosmos,ATOM,31/10/2019,3.297084922,3.031523069,3.031648956,3.205101592,123316944.6,611175820,,,,,,,
232,Cosmos,ATOM,1/11/2019,3.306002999,3.141108492,3.224798926,3.269795123,141989599.3,623512128.5,,,,,,,
233,Cosmos,ATOM,2/11/2019,3.467958631,3.256589263,3.269795123,3.433141933,146612238.3,654660476.7,,,,,,,
234,Cosmos,ATOM,3/11/2019,3.455948721,3.308322762,3.431872017,3.395912315,134586294,647561219,,,,,,,
235,Cosmos,ATOM,4/11/2019,3.658082159,3.354650499,3.393911866,3.623934474,167015304.8,691042408.7,,,,,,,
236,Cosmos,ATOM,5/11/2019,3.814192523,3.542132777,3.623934474,3.753385574,198537683.8,715727236.9,,,,,,,
237,Cosmos,ATOM,6/11/2019,3.87365131,3.685494529,3.760286302,3.760632017,119134299.4,717109049.7,,,,,,,
238,Cosmos,ATOM,7/11/2019,3.897487455,3.659964317,3.760817674,3.889119856,138168547.4,741610195.2,,,,,,,
239,Cosmos,ATOM,8/11/2019,4.028991397,3.683281284,3.894081378,3.812253083,162184080.9,726952590.2,,,,,,,
240,Cosmos,ATOM,9/11/2019,3.979807295,3.810856155,3.814530347,3.963031477,138378896.9,755704286.8,,,,,,,
241,Cosmos,ATOM,10/11/2019,4.286755713,3.905436655,3.966695176,4.207955113,175582528.8,802408392.8,,,,,,,
242,Cosmos,ATOM,11/11/2019,4.381809123,4.070180738,4.205025854,4.358604207,187973925.3,831135433.3,,,,,,,
243,Cosmos,ATOM,12/11/2019,4.361738918,4.054274683,4.360550919,4.217616467,190695133.1,804250701.1,,,,,,,
244,Cosmos,ATOM,13/11/2019,4.231273421,3.975275995,4.209037645,3.99533346,174490241.9,761863901.6,,,,,,,
245,Cosmos,ATOM,14/11/2019,4.016845741,3.818259198,3.9894577,4.016845741,145523380.3,765966044.9,,,,,,,
246,Cosmos,ATOM,15/11/2019,4.13645884,3.862252214,4.017318107,3.927381501,159604699,748906248.6,,,,,,,
247,Cosmos,ATOM,16/11/2019,3.995382004,3.87887387,3.928873417,3.987761154,120766064.8,760419950.4,,,,,,,
248,Cosmos,ATOM,17/11/2019,3.998816432,3.849919637,3.987761154,3.924240095,119429121.3,748307218.7,,,,,,,
249,Cosmos,ATOM,18/11/2019,3.929563258,3.581496611,3.918095741,3.629614796,148746228.8,692125580.4,,,,,,,
250,Cosmos,ATOM,19/11/2019,3.688369387,3.373790616,3.629311484,3.527508815,138483758.5,672655150.1,,,,,,,
251,Cosmos,ATOM,20/11/2019,3.618840028,3.338008527,3.527508815,3.346352103,136161478.3,638110659.5,,,,,,,
252,Cosmos,ATOM,21/11/2019,3.429596886,3.127679219,3.347086113,3.197940653,150359199.9,609810311.8,,,,,,,
253,Cosmos,ATOM,22/11/2019,3.295720559,2.680064266,3.197940653,2.942792701,165875702.1,561156547.1,,,,,,,
254,Cosmos,ATOM,23/11/2019,3.261609527,2.869746981,2.943508627,3.25465142,235663022.5,620624399.4,,,,,,,
255,Cosmos,ATOM,24/11/2019,3.2682667,3.030388534,3.25698231,3.056270634,267084993.9,582795476.9,,,,,,,
256,Cosmos,ATOM,25/11/2019,3.525729358,2.995286917,3.056270634,3.410678781,184025704.6,650377013.3,,,,,,,
257,Cosmos,ATOM,26/11/2019,3.656935683,3.389315441,3.405924738,3.5085585,166612605.9,669041544.2,,,,,,,
258,Cosmos,ATOM,27/11/2019,3.764087468,3.313568531,3.496601641,3.584626406,179601319.7,683546814.6,,,,,,,
259,Cosmos,ATOM,28/11/2019,3.789954167,3.529234667,3.581815659,3.686986601,145107302.9,703065720.2,,,,,,,
260,Cosmos,ATOM,29/11/2019,4.057904748,3.683892854,3.68901624,4.012713089,183110184.4,765177995.8,,,,,,,
261,Cosmos,ATOM,30/11/2019,4.103680041,3.834888811,4.01523675,3.925533162,160886605.1,748553791.7,,,,,,,
262,Cosmos,ATOM,1/12/2019,3.929496511,3.657669062,3.919436856,3.80735171,175883739.4,726017955,,,,,,,
263,Cosmos,ATOM,2/12/2019,3.930997102,3.623744496,3.789156261,3.681489135,151160800.7,702017417.1,,,,,,,
264,Cosmos,ATOM,3/12/2019,3.799180832,3.646803109,3.681489135,3.702254075,144705352.3,705977051.2,,,,,,,
265,Cosmos,ATOM,4/12/2019,3.735283113,3.464024493,3.686329097,3.599142677,188222588.8,686314899.6,,,,,,,
266,Cosmos,ATOM,5/12/2019,3.724777655,3.48774287,3.593611996,3.530539295,181266106.3,673233027.8,,,,,,,
267,Cosmos,ATOM,6/12/2019,3.694521782,3.508515903,3.520710301,3.66919483,182348855.8,699673035.2,,,,,,,
268,Cosmos,ATOM,7/12/2019,3.876666531,3.661354837,3.666758742,3.805497796,197409950.7,725664435.1,,,,,,,
269,Cosmos,ATOM,8/12/2019,4.004140688,3.741337008,3.805497796,3.945237986,201085482.8,752311273.9,,,,,,,
270,Cosmos,ATOM,9/12/2019,3.965238624,3.683447948,3.951794257,3.705113482,216632529.4,706522307,,,,,,,
271,Cosmos,ATOM,10/12/2019,3.7313788,3.551645201,3.701496298,3.598564351,207259325.8,686204619.5,,,,,,,
272,Cosmos,ATOM,11/12/2019,3.844516923,3.586431045,3.604779939,3.814405228,199495755.5,727362979.4,,,,,,,
273,Cosmos,ATOM,12/12/2019,4.166503882,3.789874527,3.826686597,4.124101384,230614356,786418456,,,,,,,
274,Cosmos,ATOM,13/12/2019,4.228774315,3.978872202,4.118527841,3.98678584,205959990.1,760233969.2,,,,,,,
275,Cosmos,ATOM,14/12/2019,4.284581643,3.977018552,3.982622611,4.244492001,191269094.9,809375554.9,,,,,,,
276,Cosmos,ATOM,15/12/2019,4.611252548,4.196574619,4.246908418,4.494369838,230817887.5,857024369.5,,,,,,,
277,Cosmos,ATOM,16/12/2019,4.502346482,4.05975079,4.494369838,4.07994804,207850289.5,777998923.8,,,,,,,
278,Cosmos,ATOM,17/12/2019,4.146403684,3.569996039,4.07994804,3.627315495,216347353.3,691687130.2,,,,,,,
279,Cosmos,ATOM,18/12/2019,4.463928146,3.597380618,3.614784445,4.304883844,260235131.2,820891581.1,,,,,,,
280,Cosmos,ATOM,19/12/2019,4.368191056,4.075509823,4.304230791,4.288693662,149541020,817804300.5,,,,,,,
281,Cosmos,ATOM,20/12/2019,4.383750921,4.191118171,4.288693662,4.314626071,142056809.4,822749311.1,,,,,,,
282,Cosmos,ATOM,21/12/2019,4.345320706,4.069131779,4.319782624,4.088250339,111080886.8,779582076.3,,,,,,,
283,Cosmos,ATOM,22/12/2019,4.278218027,4.079727403,4.08864936,4.268755425,119057894.6,814002309.4,,,,,,,
284,Cosmos,ATOM,23/12/2019,4.349838631,4.170963175,4.268755425,4.301660816,133651316.9,820276987,,,,,,,
285,Cosmos,ATOM,24/12/2019,4.483045773,4.261940987,4.306150399,4.423393184,127112410,843489942.1,,,,,,,
286,Cosmos,ATOM,25/12/2019,4.423393184,4.205844763,4.423393184,4.302494715,104967612.5,820436001.9,,,,,,,
287,Cosmos,ATOM,26/12/2019,4.622981776,4.302107764,4.302494715,4.578469145,139848139.2,873061135.2,,,,,,,
288,Cosmos,ATOM,27/12/2019,4.764414411,4.488372511,4.570642723,4.52035241,132653447.2,861978945.6,,,,,,,
289,Cosmos,ATOM,28/12/2019,4.715363986,4.406040454,4.519232,4.406040454,117069171.9,840180977.3,,,,,,,
290,Cosmos,ATOM,29/12/2019,4.540656102,4.24785796,4.40562492,4.267715884,125572029.1,813804080.9,,,,,,,
291,Cosmos,ATOM,30/12/2019,4.424587235,4.150479332,4.267741048,4.190209451,126896245.9,799024500.1,,,,,,,
292,Cosmos,ATOM,31/12/2019,4.32892402,4.130679317,4.191216211,4.216716788,109928103.6,804079142.8,,,,,,,
293,Cosmos,ATOM,1/1/2020,4.467644156,4.20436611,4.216716788,4.38015818,107994513,835245526.8,,,,,,,
294,Cosmos,ATOM,2/1/2020,4.381319286,4.077720246,4.379121638,4.091816698,111325337.5,780262139.6,,,,,,,
295,Cosmos,ATOM,3/1/2020,4.35659567,4.015514984,4.105868123,4.247897206,138617691.1,810024888.1,,,,,,,
296,Cosmos,ATOM,4/1/2020,4.385616888,4.233593024,4.245741261,4.286355926,90718304.72,817358521.4,,,,,,,
297,Cosmos,ATOM,5/1/2020,4.395146204,4.215782405,4.284225484,4.231877271,115399788.5,806970071.7,,,,,,,
298,Cosmos,ATOM,6/1/2020,4.251154944,4.045156726,4.232001839,4.104942213,139523351.1,782765023.5,,,,,,,
299,Cosmos,ATOM,7/1/2020,4.246529552,4.069146881,4.105192559,4.096040477,136691938.6,781067565.4,,,,,,,
300,Cosmos,ATOM,8/1/2020,4.175765668,3.998340003,4.094004399,4.010638881,128484379.9,764782468.5,,,,,,,
301,Cosmos,ATOM,9/1/2020,4.263190643,3.964422032,4.010291561,4.263190643,137133708.5,812941169.7,,,,,,,
302,Cosmos,ATOM,10/1/2020,4.447970231,4.210614836,4.263206113,4.263614961,180537539.3,813022082.3,,,,,,,
303,Cosmos,ATOM,11/1/2020,4.430324891,4.25830528,4.26428206,4.275179932,134305838,815227388.6,,,,,,,
304,Cosmos,ATOM,12/1/2020,4.347847649,4.234452461,4.273212409,4.262906674,114480178.8,812887020.1,,,,,,,
305,Cosmos,ATOM,13/1/2020,4.333009564,4.134851027,4.261779949,4.255968737,112376034,811564035.8,,,,,,,
306,Cosmos,ATOM,14/1/2020,4.670122807,4.237644299,4.254557801,4.539907704,218081722.4,865707914.1,,,,,,,
307,Cosmos,ATOM,15/1/2020,4.930827597,4.396847751,4.536273444,4.56789649,256937834.1,871045052,,,,,,,
308,Cosmos,ATOM,16/1/2020,5.200622156,4.198156508,4.568770826,5.076301959,292509992.7,967992097.5,,,,,,,
309,Cosmos,ATOM,17/1/2020,5.290686079,4.765915953,5.098051576,5.001200373,314099417.9,953671093.3,,,,,,,
310,Cosmos,ATOM,18/1/2020,5.002405251,4.619425785,5.002405251,4.63334927,218755858.9,883526140.5,,,,,,,
311,Cosmos,ATOM,19/1/2020,4.763061947,4.385168454,4.635343903,4.518617192,195479921.2,861648059.7,,,,,,,
312,Cosmos,ATOM,20/1/2020,4.660493608,4.421811923,4.514426446,4.50530351,142814531.4,859109294.4,,,,,,,
313,Cosmos,ATOM,21/1/2020,4.731107436,4.463833092,4.504987603,4.649427494,138311352.7,886592072,,,,,,,
314,Cosmos,ATOM,22/1/2020,4.687903917,4.566646409,4.643702641,4.652061581,131623771.9,887094361.9,,,,,,,
315,Cosmos,ATOM,23/1/2020,4.681632932,4.382646515,4.651529337,4.444535203,157800493,847521480.9,,,,,,,
316,Cosmos,ATOM,24/1/2020,4.521401523,4.351432053,4.446325011,4.48453134,161825963.6,855148281.7,,,,,,,
317,Cosmos,ATOM,25/1/2020,4.487551986,4.367400172,4.487551986,4.415065132,132055629.5,841901878.9,,,,,,,
318,Cosmos,ATOM,26/1/2020,4.499878352,4.370215132,4.411012031,4.480583207,131819510.7,854395418.5,,,,,,,
319,Cosmos,ATOM,27/1/2020,4.66757401,4.425606693,4.478539925,4.517699532,166514161.1,861473072.6,,,,,,,
320,Cosmos,ATOM,28/1/2020,4.586640286,4.478526986,4.516305121,4.586640286,201500979.3,874619277.3,,,,,,,
321,Cosmos,ATOM,29/1/2020,4.587021281,4.362800666,4.587021281,4.41285653,195873920,841480724,,,,,,,
322,Cosmos,ATOM,30/1/2020,4.468545669,4.304504198,4.409700252,4.414963598,193799097.5,841882517.6,,,,,,,
323,Cosmos,ATOM,31/1/2020,4.603851284,4.303182364,4.416728873,4.389512833,199363104.7,837029351.1,,,,,,,
324,Cosmos,ATOM,1/2/2020,4.430881926,4.298377065,4.386019589,4.376357002,153198031.4,834520686.1,,,,,,,
325,Cosmos,ATOM,2/2/2020,4.470599647,4.254548316,4.374439701,4.406764547,166048378.8,840319053.4,,,,,,,
326,Cosmos,ATOM,3/2/2020,4.456899797,4.249977125,4.406764547,4.260726566,169613306.3,812471298.8,,,,,,,
327,Cosmos,ATOM,4/2/2020,4.262681781,4.020764192,4.26139359,4.216973572,199182438.5,804128108.5,,,,,,,
328,Cosmos,ATOM,5/2/2020,4.346798385,4.154242712,4.216107712,4.325846578,219629627.3,824888932.1,,,,,,,
329,Cosmos,ATOM,6/2/2020,4.58135306,4.26823515,4.326647829,4.566990324,245005952.5,870872256.6,,,,,,,
330,Cosmos,ATOM,7/2/2020,4.898623944,4.527150565,4.567776694,4.810632796,263626978.6,917332059.4,,,,,,,
331,Cosmos,ATOM,8/2/2020,4.80712542,4.526813851,4.806806682,4.627561136,223813432.8,882422410.3,,,,,,,
332,Cosmos,ATOM,9/2/2020,4.788866063,4.60224022,4.626404048,4.758785409,194625819.1,907445362.2,,,,,,,
333,Cosmos,ATOM,10/2/2020,4.788741196,4.585385909,4.762358964,4.788741196,213729603.2,913157584.5,,,,,,,
334,Cosmos,ATOM,11/2/2020,5.153636726,4.709151744,4.784084142,5.102926107,246047423.1,973069014.8,,,,,,,
335,Cosmos,ATOM,12/2/2020,5.307340159,5.081102714,5.10043717,5.1105402,259478347.8,974520934.2,,,,,,,
336,Cosmos,ATOM,13/2/2020,5.227713685,4.85136684,5.11085117,4.894410423,292085885.8,933307484.4,,,,,,,
337,Cosmos,ATOM,14/2/2020,5.124788695,4.866487324,4.899571966,5.102996993,228732872.7,973082531.9,,,,,,,
338,Cosmos,ATOM,15/2/2020,5.126008008,4.452240745,5.102996993,4.58209339,259955973.8,873752236.9,,,,,,,
339,Cosmos,ATOM,16/2/2020,4.738837661,4.078060555,4.603259608,4.394847664,315050585.8,838046641.6,,,,,,,
340,Cosmos,ATOM,17/2/2020,4.403644359,3.927639044,4.388500226,4.270783233,311147335.6,814388988.8,,,,,,,
341,Cosmos,ATOM,18/2/2020,4.475892661,3.992583249,4.266594145,4.433234032,256786535.4,845366478.2,,,,,,,
342,Cosmos,ATOM,19/2/2020,4.688297453,4.152634945,4.434084662,4.158570553,253028948.5,792991328,,,,,,,
343,Cosmos,ATOM,20/2/2020,4.552385162,4.127836808,4.153857142,4.471532027,1754228163,852669463.1,,,,,,,
344,Cosmos,ATOM,21/2/2020,4.966167538,4.431260277,4.469540165,4.834321532,743408253.4,921849227.5,,,,,,,
345,Cosmos,ATOM,22/2/2020,5.087627558,4.708949223,4.833956946,5.004434725,297156553.4,954287846.8,,,,,,,
346,Cosmos,ATOM,23/2/2020,5.091184252,4.753307963,5.018480149,4.792139685,255495590,913805636.9,,,,,,,
347,Cosmos,ATOM,24/2/2020,4.931801291,4.245578372,4.793376113,4.381978329,273073853.5,835592608.1,,,,,,,
348,Cosmos,ATOM,25/2/2020,4.387074271,4.003265834,4.382768486,4.059803951,234723403.9,774157678.9,,,,,,,
349,Cosmos,ATOM,26/2/2020,4.065362179,3.508447839,4.05483785,3.666713274,273436562.9,699199831.3,,,,,,,
350,Cosmos,ATOM,27/2/2020,3.847010542,3.363132907,3.663886275,3.687255348,244141234.3,703116967.2,,,,,,,
351,Cosmos,ATOM,28/2/2020,3.74451199,3.456846585,3.687220829,3.536417821,182473021.7,674353994.6,,,,,,,
352,Cosmos,ATOM,29/2/2020,3.67235908,3.479354287,3.535751027,3.479354287,117740505.3,663472638.3,,,,,,,
353,Cosmos,ATOM,1/3/2020,3.547792758,3.280848315,3.471434542,3.368275225,134716473.1,642291145.5,,,,,,,
354,Cosmos,ATOM,2/3/2020,3.757048101,3.339584382,3.362772438,3.684761615,155975816.1,702641441.2,,,,,,,
355,Cosmos,ATOM,3/3/2020,3.691775238,3.525577732,3.685558223,3.62973401,127505753.7,692148313,,,,,,,
356,Cosmos,ATOM,4/3/2020,3.885784053,3.62823599,3.62823599,3.742063285,155036911.5,713568207.3,,,,,,,
357,Cosmos,ATOM,5/3/2020,3.934144144,3.743229608,3.743642604,3.760673024,144313784.4,717116869.3,,,,,,,
358,Cosmos,ATOM,6/3/2020,3.873641822,3.723256991,3.769477054,3.844145675,130616199.8,733034138.9,,,,,,,
359,Cosmos,ATOM,7/3/2020,3.85434931,3.592474855,3.842824034,3.620848231,1038558793,690453897.7,,,,,,,
360,Cosmos,ATOM,8/3/2020,3.622886292,3.10433084,3.620848231,3.104792794,184166651.5,592048092,,,,,,,
361,Cosmos,ATOM,9/3/2020,3.161907367,2.849846118,3.104756346,3.011631932,202828738.7,574283392.5,,,,,,,
362,Cosmos,ATOM,10/3/2020,3.184238439,2.896127503,3.019498401,3.074285452,162383021.4,586230694.6,,,,,,,
363,Cosmos,ATOM,11/3/2020,3.094766265,2.732782062,3.072047024,2.975731216,147334668.3,567437541.1,,,,,,,
364,Cosmos,ATOM,12/3/2020,2.992805657,1.614527472,2.974948638,1.649203128,232086160.5,314483970.4,,,,,,,
365,Cosmos,ATOM,13/3/2020,1.941157002,1.130962525,1.652300235,1.805445098,310358696.8,344277507.7,,,,,,,
366,Cosmos,ATOM,14/3/2020,1.987492833,1.702781634,1.812849835,1.836248419,210130139.3,350151345,,,,,,,
367,Cosmos,ATOM,15/3/2020,2.070593537,1.826485894,1.841258837,1.93700481,189440525.3,369364423.9,,,,,,,
368,Cosmos,ATOM,16/3/2020,1.932468806,1.534660774,1.932468806,1.66773932,180527214.9,318018608,,,,,,,
369,Cosmos,ATOM,17/3/2020,1.838361187,1.65149702,1.667299892,1.732556032,137611387.7,330378405.5,,,,,,,
370,Cosmos,ATOM,18/3/2020,1.813534062,1.664524467,1.730827241,1.75513974,147341920.8,334684857.6,,,,,,,
371,Cosmos,ATOM,19/3/2020,2.129012527,1.75113297,1.75513974,2.0644578,211035988,393668235.6,,,,,,,
372,Cosmos,ATOM,20/3/2020,2.451854917,1.872607908,2.064442111,2.163001772,219912722.1,412459431.9,,,,,,,
373,Cosmos,ATOM,21/3/2020,2.224745114,2.01384687,2.167578353,2.158087583,178495031.3,411522352.8,,,,,,,
374,Cosmos,ATOM,22/3/2020,2.227984402,1.921530512,2.159735549,1.924432682,152281650.7,366967064.4,,,,,,,
375,Cosmos,ATOM,23/3/2020,2.11246593,1.90194218,1.924432682,2.093227389,157578817.5,399154263.8,,,,,,,
376,Cosmos,ATOM,24/3/2020,2.228939156,2.084182371,2.095989493,2.140748073,159154280.1,408215908.7,,,,,,,
377,Cosmos,ATOM,25/3/2020,2.169881106,2.052605191,2.142596049,2.079705964,137616976.4,396575884.3,,,,,,,
378,Cosmos,ATOM,26/3/2020,2.170453307,2.076325058,2.079705964,2.170453307,116976100.6,413880353.5,,,,,,,
379,Cosmos,ATOM,27/3/2020,2.177033066,2.014303013,2.170421033,2.026573689,110780608.2,386444173.6,,,,,,,
380,Cosmos,ATOM,28/3/2020,2.025338188,1.88717327,2.025338188,1.974845646,142369491.4,376580233.8,,,,,,,
381,Cosmos,ATOM,29/3/2020,1.991511531,1.860873918,1.977125587,1.862776357,99979032.88,355209916.1,,,,,,,
382,Cosmos,ATOM,30/3/2020,2.015711048,1.855558547,1.861596038,1.975712997,124918346.4,376745627.6,,,,,,,
383,Cosmos,ATOM,31/3/2020,1.993876232,1.94147459,1.968210758,1.959177441,97739845.44,373592488.4,,,,,,,
384,Cosmos,ATOM,1/4/2020,1.979209052,1.895759117,1.959177441,1.979209052,111913424.5,377412285,,,,,,,
385,Cosmos,ATOM,2/4/2020,2.074733654,1.960015529,1.980343456,1.985261762,136485794.4,378566466.8,,,,,,,
386,Cosmos,ATOM,3/4/2020,2.062240343,1.969738286,1.986582492,1.980518423,122833949.2,377661967,,,,,,,
387,Cosmos,ATOM,4/4/2020,2.026482171,1.966372461,1.980518423,2.026228848,109601350.3,386378416.4,,,,,,,
388,Cosmos,ATOM,5/4/2020,2.095252415,2.01695271,2.028925359,2.066584307,111940359.4,394073736.1,,,,,,,
389,Cosmos,ATOM,6/4/2020,2.393591144,2.064077149,2.067483347,2.382057292,201395694.6,454230787,,,,,,,
390,Cosmos,ATOM,7/4/2020,2.492701405,2.306344949,2.384765256,2.347880296,197423097.5,447713629.1,,,,,,,
391,Cosmos,ATOM,8/4/2020,2.47201083,2.31495128,2.346383785,2.47201083,164555413.5,471383886.9,,,,,,,
392,Cosmos,ATOM,9/4/2020,2.608587847,2.409954991,2.476321811,2.584912928,167581572.7,492913011.8,,,,,,,
393,Cosmos,ATOM,10/4/2020,2.599776705,2.21999012,2.585578441,2.307956995,200391440.6,440100717.2,,,,,,,
394,Cosmos,ATOM,11/4/2020,2.374787778,2.246397266,2.307956995,2.304523752,133757618.8,439446037.4,,,,,,,
395,Cosmos,ATOM,12/4/2020,2.376946167,2.256560928,2.308406544,2.332218154,129190437.1,444727039.6,,,,,,,
396,Cosmos,ATOM,13/4/2020,2.332800963,2.194280666,2.332800963,2.26115521,132554387.2,431176157.7,,,,,,,
397,Cosmos,ATOM,14/4/2020,2.441362564,2.241037743,2.263846737,2.346513522,136387309,447453001,,,,,,,
398,Cosmos,ATOM,15/4/2020,2.426738084,2.273396228,2.343130601,2.275420855,141651091.4,433896451.4,,,,,,,
399,Cosmos,ATOM,16/4/2020,2.433062734,2.21306174,2.273401812,2.416027885,169662840.8,460708586.5,,,,,,,
400,Cosmos,ATOM,17/4/2020,2.42226089,2.365973994,2.417997728,2.387021093,137482523.1,455177326.5,,,,,,,
401,Cosmos,ATOM,18/4/2020,2.510988027,2.383265806,2.385423869,2.503846644,154952315.3,477454608.5,,,,,,,
402,Cosmos,ATOM,19/4/2020,2.545683913,2.402224798,2.502537618,2.402224798,147362760.9,458076497.4,,,,,,,
403,Cosmos,ATOM,20/4/2020,2.443177808,2.282995764,2.402224798,2.288045434,162820748.7,436303812.6,,,,,,,
404,Cosmos,ATOM,21/4/2020,2.329524292,2.26761716,2.284404538,2.287857196,130580694.4,436267917.8,,,,,,,
405,Cosmos,ATOM,22/4/2020,2.405455331,2.269920815,2.282367989,2.379024101,129136262.1,453652392.6,,,,,,,
406,Cosmos,ATOM,23/4/2020,2.4607629,2.346298238,2.380766971,2.405001474,162055138.6,458605977.3,,,,,,,
407,Cosmos,ATOM,24/4/2020,2.805518334,2.403604389,2.404044058,2.756544255,258118575.2,525641121.6,,,,,,,
408,Cosmos,ATOM,25/4/2020,2.943666584,2.693672766,2.756990086,2.882563587,244311461.8,549671551.3,,,,,,,
409,Cosmos,ATOM,26/4/2020,2.904926904,2.77159504,2.882196016,2.799384047,202153852.3,533810174.6,,,,,,,
410,Cosmos,ATOM,27/4/2020,2.834955429,2.684456955,2.80082116,2.770284573,206579070.1,528261241.4,,,,,,,
411,Cosmos,ATOM,28/4/2020,2.850022308,2.728435105,2.768869155,2.81410049,179189232.7,536616430.3,,,,,,,
412,Cosmos,ATOM,29/4/2020,2.992837979,2.782479633,2.817958176,2.951457273,257180368.4,562808780.7,,,,,,,
413,Cosmos,ATOM,30/4/2020,3.085211722,2.730927736,2.953907707,2.756828002,258478242.5,525695228.9,,,,,,,
414,Cosmos,ATOM,1/5/2020,2.935088625,2.755481582,2.756828002,2.847445374,215604799.5,542974914.1,,,,,,,
415,Cosmos,ATOM,2/5/2020,2.897327777,2.810256951,2.848058643,2.878659785,177959168.3,548927141.4,,,,,,,
416,Cosmos,ATOM,3/5/2020,2.906746293,2.763628896,2.880989625,2.777146023,181742034.8,529569640.5,,,,,,,
417,Cosmos,ATOM,4/5/2020,2.795928896,2.609315645,2.774296804,2.77338503,213546081.4,528852462.6,,,,,,,
418,Cosmos,ATOM,5/5/2020,2.795753327,2.682798109,2.771740823,2.706942167,187996938.9,516182576.8,,,,,,,
419,Cosmos,ATOM,6/5/2020,2.767199532,2.67325808,2.7042547,2.67325808,175526568.8,509759410.8,,,,,,,
420,Cosmos,ATOM,7/5/2020,2.77939188,2.621931293,2.668622916,2.728238303,200554903.2,520243503.8,,,,,,,
421,Cosmos,ATOM,8/5/2020,2.858429775,2.691718249,2.728238303,2.821946441,192534152.2,538112562.4,,,,,,,
422,Cosmos,ATOM,9/5/2020,2.851862369,2.739418522,2.814858694,2.758807755,194974055.6,526072744.9,,,,,,,
423,Cosmos,ATOM,10/5/2020,2.760557394,2.380607346,2.758748466,2.518276589,219395084.2,480206232.1,,,,,,,
424,Cosmos,ATOM,11/5/2020,2.554964554,2.310283799,2.513563557,2.398775608,190618143.8,457418776.7,,,,,,,
425,Cosmos,ATOM,12/5/2020,2.526767351,2.381629438,2.408163275,2.483574491,163012635.3,473588943.3,,,,,,,
426,Cosmos,ATOM,13/5/2020,2.566538696,2.448867435,2.481792364,2.542297027,150850771.5,484786652.1,,,,,,,
427,Cosmos,ATOM,14/5/2020,2.540989022,2.467696789,2.536515226,2.519341241,182771967.7,480409249.1,,,,,,,
428,Cosmos,ATOM,15/5/2020,2.566981861,2.456424897,2.517228655,2.476059585,158220034.8,472155937.6,,,,,,,
429,Cosmos,ATOM,16/5/2020,2.565201655,2.450410912,2.477581774,2.552263871,147163344.4,486687213.9,,,,,,,
430,Cosmos,ATOM,17/5/2020,2.617654558,2.538812341,2.553340116,2.541479835,143724086.4,484630822.9,,,,,,,
431,Cosmos,ATOM,18/5/2020,2.656746476,2.534909143,2.538703556,2.593554081,163528476.7,494560779.6,,,,,,,
432,Cosmos,ATOM,19/5/2020,2.648387737,2.536650481,2.592817485,2.602924263,142768377.8,496347565.1,,,,,,,
433,Cosmos,ATOM,20/5/2020,2.700983126,2.56969991,2.602351977,2.698328143,159956834.7,514539982,,,,,,,
434,Cosmos,ATOM,21/5/2020,2.725868019,2.465629003,2.700638508,2.520559903,181807763.5,480641633.8,,,,,,,
435,Cosmos,ATOM,22/5/2020,2.678723692,2.497294541,2.52110414,2.650377548,151380584.4,505396357.9,,,,,,,
436,Cosmos,ATOM,23/5/2020,2.669420585,2.573104355,2.651029695,2.603689974,115303105.9,496493577.2,,,,,,,
437,Cosmos,ATOM,24/5/2020,2.6494685,2.516774341,2.603144393,2.526006612,135354359.2,481680258.3,,,,,,,
438,Cosmos,ATOM,25/5/2020,2.62688549,2.483172567,2.517840522,2.613054866,141861562.8,498279353.9,,,,,,,
439,Cosmos,ATOM,26/5/2020,2.625372835,2.540781004,2.613719796,2.57838646,121605318,491668489.8,,,,,,,
440,Cosmos,ATOM,27/5/2020,2.669716996,2.57423646,2.57838646,2.605861272,121510767.1,496907618.7,,,,,,,
441,Cosmos,ATOM,28/5/2020,2.665778451,2.576885694,2.607286634,2.659642622,101752450.9,507163100.4,,,,,,,
442,Cosmos,ATOM,29/5/2020,2.700472829,2.638479461,2.66247522,2.679670148,92727474.65,510982118.2,,,,,,,
443,Cosmos,ATOM,30/5/2020,2.819745804,2.644461063,2.679527106,2.812186411,125099098.1,536251437.4,,,,,,,
444,Cosmos,ATOM,31/5/2020,2.873754354,2.710367896,2.811761525,2.734455614,126961036.7,521429073.2,,,,,,,
445,Cosmos,ATOM,1/6/2020,2.855538604,2.715182538,2.731190845,2.850683398,131032790.9,543592367.8,,,,,,,
446,Cosmos,ATOM,2/6/2020,2.95123177,2.678127775,2.850445231,2.754056041,173439108.2,525166647.9,,,,,,,
447,Cosmos,ATOM,3/6/2020,2.908088247,2.74541456,2.754056041,2.904270079,130830908.6,553810728.3,,,,,,,
448,Cosmos,ATOM,4/6/2020,3.148083375,2.896689496,2.903488049,3.111724901,194087418.9,593369964.6,,,,,,,
449,Cosmos,ATOM,5/6/2020,3.204691376,3.043714537,3.111724901,3.10903736,173819261.7,592857481.6,,,,,,,
450,Cosmos,ATOM,6/6/2020,3.165882602,3.057735357,3.10903736,3.057735357,115040526.5,583074782.6,,,,,,,
451,Cosmos,ATOM,7/6/2020,3.107533614,2.914474459,3.057735357,3.026900672,122046710.5,577194964.7,,,,,,,
452,Cosmos,ATOM,8/6/2020,3.154156607,3.004497016,3.025219952,3.148530857,107678223.7,600388434.9,,,,,,,
453,Cosmos,ATOM,9/6/2020,3.177742876,3.090762529,3.148070891,3.129249385,132661687.1,596711681.1,,,,,,,
454,Cosmos,ATOM,10/6/2020,3.129512724,3.034199312,3.129512724,3.116704486,125271625.4,594319514,,,,,,,
455,Cosmos,ATOM,11/6/2020,3.134919932,2.753946068,3.116704486,2.771307633,143482483,528456327,,,,,,,
456,Cosmos,ATOM,12/6/2020,2.922755154,2.748245863,2.774706033,2.863495317,124232872.2,546035452.7,,,,,,,
457,Cosmos,ATOM,13/6/2020,2.902847108,2.826199701,2.864352775,2.879668462,106615056.8,549119484.4,,,,,,,
458,Cosmos,ATOM,14/6/2020,2.882716827,2.750517876,2.879133983,2.771540605,99789108.55,528500752.1,,,,,,,
459,Cosmos,ATOM,15/6/2020,2.788594923,2.555839089,2.771540605,2.713402794,146311613.5,517414543.7,,,,,,,
460,Cosmos,ATOM,16/6/2020,2.763422172,2.688336404,2.710581527,2.723479412,114669147.7,519336038.3,,,,,,,
461,Cosmos,ATOM,17/6/2020,2.735571493,2.662144116,2.729940625,2.701178754,116732796.9,515083560.6,,,,,,,
462,Cosmos,ATOM,18/6/2020,2.704180137,2.622509496,2.700754767,2.655318967,95666154.65,506338629.4,,,,,,,
463,Cosmos,ATOM,19/6/2020,2.660112237,2.589452536,2.652195615,2.590799832,99231022.86,494035576.3,,,,,,,
464,Cosmos,ATOM,20/6/2020,2.632611235,2.563034632,2.591702523,2.614185318,90834917.42,498494918.1,,,,,,,
465,Cosmos,ATOM,21/6/2020,2.630438433,2.590351756,2.612101668,2.607177959,82053811.22,497158695.7,,,,,,,
466,Cosmos,ATOM,22/6/2020,2.716142273,2.601497276,2.601497276,2.681118366,96576318.68,511258276.6,,,,,,,
467,Cosmos,ATOM,23/6/2020,2.828764445,2.646419422,2.679375725,2.7733375,104021029.3,528843399.3,,,,,,,
468,Cosmos,ATOM,24/6/2020,2.879359093,2.659261719,2.777384938,2.683901519,105354511.4,511788991.6,,,,,,,
469,Cosmos,ATOM,25/6/2020,2.688824987,2.575874216,2.68470187,2.624456929,77264798.75,500453595.6,,,,,,,
470,Cosmos,ATOM,26/6/2020,2.653602707,2.528568461,2.626096045,2.619405316,84370608.67,499490311.4,,,,,,,
471,Cosmos,ATOM,27/6/2020,2.722505154,2.325941196,2.618749341,2.441161559,93301751.31,465501287.4,,,,,,,
472,Cosmos,ATOM,28/6/2020,2.558432479,2.412809183,2.441161559,2.514017001,67511560.07,479393978.1,,,,,,,
473,Cosmos,ATOM,29/6/2020,2.680011286,2.473121041,2.513732659,2.645175917,90524641.36,504404467.1,,,,,,,
474,Cosmos,ATOM,30/6/2020,2.676381072,2.576127938,2.644446588,2.595410313,56318982.62,494914741.6,,,,,,,
475,Cosmos,ATOM,1/7/2020,2.679215457,2.578562223,2.598838439,2.656285642,61670188.8,506522963.1,,,,,,,
476,Cosmos,ATOM,2/7/2020,2.794067338,2.633326664,2.658656046,2.682291513,81945497.76,511481982.1,,,,,,,
477,Cosmos,ATOM,3/7/2020,2.79923157,2.677360838,2.683455557,2.692835468,84247984.94,513492592.4,,,,,,,
478,Cosmos,ATOM,4/7/2020,2.785637098,2.686560024,2.695006666,2.77305589,73677976.2,528789699.5,,,,,,,
479,Cosmos,ATOM,5/7/2020,2.978116741,2.743318957,2.777942899,2.92524333,127933386,557810084.8,,,,,,,
480,Cosmos,ATOM,6/7/2020,3.121790722,2.921760478,2.92524333,3.019436056,139258504.2,575771548.8,,,,,,,
481,Cosmos,ATOM,7/7/2020,3.277334832,2.971285141,3.017371308,3.240814177,129565057.1,617985797.1,,,,,,,
482,Cosmos,ATOM,8/7/2020,3.567354648,3.170336674,3.241442228,3.551419663,167546062.5,677214672.4,,,,,,,
483,Cosmos,ATOM,9/7/2020,3.809279969,3.417896983,3.551419663,3.800761268,172133670.7,724761234.1,,,,,,,
484,Cosmos,ATOM,10/7/2020,4.134888853,3.588114278,3.798486313,4.060970139,240007520.4,774380057.5,,,,,,,
485,Cosmos,ATOM,11/7/2020,4.444569509,3.902153578,4.061098449,3.942199328,262446667.6,751731837,,,,,,,
486,Cosmos,ATOM,12/7/2020,4.162484303,3.910953058,3.932924592,4.015897484,162188362.2,765785223.2,,,,,,,
487,Cosmos,ATOM,13/7/2020,4.326033839,3.760212943,4.015897484,3.875737664,215883768.8,739058365.9,,,,,,,
488,Cosmos,ATOM,14/7/2020,4.025128208,3.819808189,3.875737664,3.955175244,161379171.5,754206194,,,,,,,
489,Cosmos,ATOM,15/7/2020,4.135863924,3.868855083,3.952953896,4.036372664,118920919.6,769689603.4,,,,,,,
490,Cosmos,ATOM,16/7/2020,4.270096947,3.778594226,4.039358599,4.077920108,181058807,777612220.6,,,,,,,
491,Cosmos,ATOM,17/7/2020,4.25485006,3.957511815,4.074570049,4.141173717,147509307.1,789673952.5,,,,,,,
492,Cosmos,ATOM,18/7/2020,4.520883988,4.11227524,4.141124808,4.363538618,188008154.6,832076368.4,,,,,,,
493,Cosmos,ATOM,19/7/2020,4.510891005,4.008356846,4.356777693,4.189863718,191114701.4,798958572.8,,,,,,,
494,Cosmos,ATOM,20/7/2020,4.242793669,3.87284351,4.191438482,3.880807184,123252885.2,740025064.7,,,,,,,
495,Cosmos,ATOM,21/7/2020,4.047467234,3.791941605,3.880812429,3.996588567,134911035.5,762103235.9,,,,,,,
496,Cosmos,ATOM,22/7/2020,4.035539125,3.88669001,3.99892762,4.013120202,95362252.67,765255627.6,,,,,,,
497,Cosmos,ATOM,23/7/2020,4.090374018,3.925659373,4.010246216,3.955487144,97303814.64,754265669.7,,,,,,,
498,Cosmos,ATOM,24/7/2020,3.963042045,3.790556651,3.957432408,3.817853221,100656642.8,728020471.7,,,,,,,
499,Cosmos,ATOM,25/7/2020,3.945608895,3.777824711,3.822463356,3.905023774,117721753.7,744642888.4,,,,,,,
500,Cosmos,ATOM,26/7/2020,3.907225935,3.745545671,3.90494571,3.805034628,114783801.2,725576114.4,,,,,,,
501,Cosmos,ATOM,27/7/2020,3.910432287,3.340013791,3.804794342,3.588862394,179412714.8,684354568.4,,,,,,,
502,Cosmos,ATOM,28/7/2020,3.775700093,3.550349321,3.589796732,3.750459002,120724603.1,715169173.4,,,,,,,
503,Cosmos,ATOM,29/7/2020,3.85381823,3.62593332,3.748865263,3.640441447,107518753.9,694190097.5,,,,,,,
504,Cosmos,ATOM,30/7/2020,3.751484785,3.606626572,3.640441447,3.719433022,89185103.71,709252877.7,,,,,,,
505,Cosmos,ATOM,31/7/2020,3.835903176,3.710569031,3.716914702,3.792370907,98156636.48,723161289.1,,,,,,,
506,Cosmos,ATOM,1/8/2020,4.110024143,3.790374246,3.792370907,4.06353618,157637841.6,774869371.7,,,,,,,
507,Cosmos,ATOM,2/8/2020,4.209582283,3.610149134,4.067579109,3.891797876,154074396.9,742120862.7,,,,,,,
508,Cosmos,ATOM,3/8/2020,4.046147553,3.812794417,3.903085723,3.854831773,144959925.4,735071854.1,,,,,,,
509,Cosmos,ATOM,4/8/2020,4.048723452,3.822952589,3.854753537,4.010160474,112162334,764691241.7,,,,,,,
510,Cosmos,ATOM,5/8/2020,4.204213936,3.959865639,4.013312943,4.159565494,127763370.2,793181051.8,,,,,,,
511,Cosmos,ATOM,6/8/2020,4.249586821,4.12996488,4.158172387,4.176072275,128558907.4,796328704.2,,,,,,,
512,Cosmos,ATOM,7/8/2020,4.19394027,3.931063665,4.174510664,4.020470699,122545387.5,766657282.5,,,,,,,
513,Cosmos,ATOM,8/8/2020,4.431722542,3.99113376,4.020939368,4.431722542,119089971.5,845078254.6,,,,,,,
514,Cosmos,ATOM,9/8/2020,5.434855222,4.313193479,4.43378975,5.283984638,367025727.9,1007594783,,,,,,,
515,Cosmos,ATOM,10/8/2020,5.847683396,5.141792683,5.283984638,5.472078147,356003398.4,1099103996,,,,,,,
516,Cosmos,ATOM,11/8/2020,5.567738792,4.726463747,5.482549777,4.930303923,227937900.1,993681757.9,,,,,,,
517,Cosmos,ATOM,12/8/2020,6.050349387,4.892307189,4.933631802,5.97628109,360566166.4,1204762283,,,,,,,
518,Cosmos,ATOM,13/8/2020,6.563362065,5.535414786,5.979979268,6.149699401,485820620.9,1239998020,,,,,,,
519,Cosmos,ATOM,14/8/2020,6.642309947,5.963987892,6.151354264,6.094085847,355819712.3,1229057707,,,,,,,
520,Cosmos,ATOM,15/8/2020,6.349860167,5.936883009,6.094085847,6.092039434,194209287,1228918286,,,,,,,
521,Cosmos,ATOM,16/8/2020,6.373476835,5.822707122,6.086251147,6.221525043,214631153.1,1255317475,,,,,,,
522,Cosmos,ATOM,17/8/2020,6.313448148,5.937772282,6.221525043,5.937772282,177357908.1,1198330581,,,,,,,
523,Cosmos,ATOM,18/8/2020,6.127319546,5.585945065,5.912310742,5.838898316,178381360.9,1178637975,,,,,,,
524,Cosmos,ATOM,19/8/2020,5.933450976,5.340113843,5.832694552,5.668452414,176905066.9,1144404908,,,,,,,
525,Cosmos,ATOM,20/8/2020,6.371311123,5.574493841,5.670326679,6.30344727,234862298.6,1272604137,,,,,,,
526,Cosmos,ATOM,21/8/2020,6.590842156,5.629505834,6.304483552,5.632923375,250034249.3,1137817406,,,,,,,
527,Cosmos,ATOM,22/8/2020,6.486235342,5.434750369,5.624959028,6.436453704,288906284.5,1300413970,,,,,,,
528,Cosmos,ATOM,23/8/2020,8.549462718,6.362461706,6.435977889,8.524181736,950815185.3,1722597379,,,,,,,
529,Cosmos,ATOM,24/8/2020,8.518308823,7.68673881,8.503846573,8.148607338,477822554.5,1647064219,,,,,,,
530,Cosmos,ATOM,25/8/2020,8.859668792,7.81709522,8.196481699,8.43416973,775432823,1705161435,,,,,,,
531,Cosmos,ATOM,26/8/2020,8.643536249,7.686729605,8.428161546,7.743116829,543449709.3,1565794555,,,,,,,
532,Cosmos,ATOM,27/8/2020,7.918488096,6.944237299,7.730075406,7.286874574,476206939.5,1473858750,,,,,,,
533,Cosmos,ATOM,28/8/2020,7.815037308,7.166752597,7.291592912,7.58184966,323336193.7,1533822158,,,,,,,
534,Cosmos,ATOM,29/8/2020,7.613412156,7.307236774,7.575393821,7.307236774,261510039.3,1478593135,,,,,,,
535,Cosmos,ATOM,30/8/2020,7.897137616,7.268300003,7.29743892,7.635519102,350623367.4,1545358355,,,,,,,
536,Cosmos,ATOM,31/8/2020,7.804445824,7.21194492,7.63052319,7.21194492,282620496,1459951910,,,,,,,
537,Cosmos,ATOM,1/9/2020,7.630070803,7.084644312,7.208265714,7.246293516,371396401.4,1467228913,,,,,,,
538,Cosmos,ATOM,2/9/2020,7.309074655,6.395389974,7.249701736,6.654107926,277133708.2,1347620013,,,,,,,
539,Cosmos,ATOM,3/9/2020,6.734609351,4.795703093,6.655090455,4.981589864,282049166.2,1009114810,,,,,,,
540,Cosmos,ATOM,4/9/2020,5.641990364,4.770908677,4.972807254,5.51022498,344004275,1116443921,,,,,,,
541,Cosmos,ATOM,5/9/2020,5.673913943,4.700213332,5.508672436,4.928317261,342853118.7,998759946.7,,,,,,,
542,Cosmos,ATOM,6/9/2020,5.334237752,4.568911517,4.921299208,5.185611082,318911091.9,1051132158,,,,,,,
543,Cosmos,ATOM,7/9/2020,5.26166437,4.668481065,5.187280922,5.054928333,295960169.5,1024866109,,,,,,,
544,Cosmos,ATOM,8/9/2020,5.159356377,4.768569478,5.051011903,4.956162842,358032944.3,1005060876,,,,,,,
545,Cosmos,ATOM,9/9/2020,5.506959385,4.903032558,4.949669778,5.334657564,321362550.3,1082052005,,,,,,,
546,Cosmos,ATOM,10/9/2020,5.560239839,5.199623935,5.333841574,5.318572538,365855869.5,1079024494,,,,,,,
547,Cosmos,ATOM,11/9/2020,5.395912739,5.067848606,5.318572538,5.360699485,417767143.8,1087807791,,,,,,,
548,Cosmos,ATOM,12/9/2020,5.708211032,5.228758571,5.354195198,5.611046713,360035148.6,1138856161,,,,,,,
549,Cosmos,ATOM,13/9/2020,5.828416236,5.130621004,5.611046713,5.281724861,377829015.5,1072247337,,,,,,,
550,Cosmos,ATOM,14/9/2020,5.542568268,5.144045269,5.304203528,5.390729002,381948275.3,1094614866,,,,,,,
551,Cosmos,ATOM,15/9/2020,5.447589537,4.823346798,5.390729002,4.880490112,363508870.6,991224564.4,,,,,,,
552,Cosmos,ATOM,16/9/2020,5.18842772,4.731873714,4.880324351,5.13939735,334951550.7,1044035462,,,,,,,
553,Cosmos,ATOM,17/9/2020,5.203205438,4.873510885,5.13939735,5.071557042,340405816.4,1030478402,,,,,,,
554,Cosmos,ATOM,18/9/2020,5.211770751,4.793008047,5.071557042,4.968437073,331408168.5,1009745533,,,,,,,
555,Cosmos,ATOM,19/9/2020,5.048335295,4.8735397,4.969360579,4.944418152,277388052.7,1005082804,,,,,,,
556,Cosmos,ATOM,20/9/2020,5.100056258,4.549049436,4.952441848,4.666289702,274054186.2,948752097.5,,,,,,,
557,Cosmos,ATOM,21/9/2020,4.742871859,4.013946652,4.664535105,4.096378773,348171174.3,833058272.7,,,,,,,
558,Cosmos,ATOM,22/9/2020,4.274819979,4.037477858,4.092074057,4.2197075,171684227.6,858325548.3,,,,,,,
559,Cosmos,ATOM,23/9/2020,4.2865357,3.81829401,4.21759947,3.84797289,262713202.5,782799878,,,,,,,
560,Cosmos,ATOM,24/9/2020,4.54691408,3.80800004,3.85230784,4.48339756,276007418.4,912262165.5,,,,,,,
561,Cosmos,ATOM,25/9/2020,4.80547675,4.37421428,4.48622728,4.7963483,280584468.8,976152396.7,,,,,,,
562,Cosmos,ATOM,26/9/2020,4.81371315,4.4910653,4.79673095,4.60437565,232382941.8,937285945.4,,,,,,,
563,Cosmos,ATOM,27/9/2020,4.78793192,4.56514028,4.61296584,4.73484523,258907007.4,964055245.5,,,,,,,
564,Cosmos,ATOM,28/9/2020,5.16757634,4.72883933,4.72885855,4.85702636,355206681.9,989148199.7,,,,,,,
565,Cosmos,ATOM,29/9/2020,5.36985778,4.8124195,4.82616985,5.25055546,318708048.8,1069524322,,,,,,,
566,Cosmos,ATOM,30/9/2020,5.5600827,5.20247211,5.3128793,5.36634237,377365958.6,1093348198,,,,,,,
567,Cosmos,ATOM,1/10/2020,5.59125799,4.98107384,5.37532937,5.12917813,316811275.3,1045255869,,,,,,,
568,Cosmos,ATOM,2/10/2020,5.27023369,4.68829542,5.12145728,4.90841538,348349394.3,1000376360,,,,,,,
569,Cosmos,ATOM,3/10/2020,5.12829873,4.88337846,4.90971665,5.01813483,236728922.9,1022738108,,,,,,,
570,Cosmos,ATOM,4/10/2020,5.37927695,4.87990733,5.01930512,5.30681872,275577899.5,1081574314,,,,,,,
571,Cosmos,ATOM,5/10/2020,5.39853984,5.19544711,5.30682483,5.38219841,283469330.7,1097780011,,,,,,,
572,Cosmos,ATOM,6/10/2020,5.39381389,4.71390075,5.38131192,4.73291474,302450813.6,965561679.5,,,,,,,
573,Cosmos,ATOM,7/10/2020,4.93253995,4.57261473,4.73402181,4.8864567,242900606.1,997105636.5,,,,,,,
574,Cosmos,ATOM,8/10/2020,5.12562798,4.64984157,4.8841361,5.04578793,254267048.9,1029844532,,,,,,,
575,Cosmos,ATOM,9/10/2020,5.2576917,4.9455564,5.03492772,5.1570423,263064229.3,1052782500,,,,,,,
576,Cosmos,ATOM,10/10/2020,5.69108936,5.16260674,5.1630941,5.52570007,277656231.1,1128289044,,,,,,,
577,Cosmos,ATOM,11/10/2020,6.26706885,5.43873678,5.53554751,6.07976042,459851237.5,1241694974,,,,,,,
578,Cosmos,ATOM,12/10/2020,6.22083455,5.81362754,6.07883713,5.98507573,382216591.4,1222715979,,,,,,,
579,Cosmos,ATOM,13/10/2020,6.1738063,5.82860462,5.98052297,6.0155875,358539920.1,1229242315,,,,,,,
580,Cosmos,ATOM,14/10/2020,6.13103225,5.6450589,6.0228232,5.74896815,347146738.5,1175018286,,,,,,,
581,Cosmos,ATOM,15/10/2020,5.89159903,5.52589258,5.74384532,5.76012953,260450700.4,1177556828,,,,,,,
582,Cosmos,ATOM,16/10/2020,5.83711968,5.33120308,5.76802721,5.39341566,248946095.6,1102829270,,,,,,,
583,Cosmos,ATOM,17/10/2020,5.47609372,5.30280054,5.4162964,5.46519166,107183005.1,1117749875,,,,,,,
584,Cosmos,ATOM,18/10/2020,5.78465075,5.42406471,5.45782868,5.76381737,180946252.4,1179083123,,,,,,,
585,Cosmos,ATOM,19/10/2020,5.77038395,5.4734377,5.76687391,5.50677288,222765650.5,1126745943,,,,,,,
586,Cosmos,ATOM,20/10/2020,5.50745002,5.02402137,5.50745002,5.04346325,244425616.7,1032173041,,,,,,,
587,Cosmos,ATOM,21/10/2020,5.48452889,5.0087964,5.03292488,5.25557498,271890873.2,1075680785,,,,,,,
588,Cosmos,ATOM,22/10/2020,5.56636326,5.23963678,5.24797994,5.42904648,292042210.8,1111185931,,,,,,,
589,Cosmos,ATOM,23/10/2020,5.49468659,5.18430464,5.44232463,5.36967054,356659049.6,1099653072,,,,,,,
590,Cosmos,ATOM,24/10/2020,5.59185248,5.27196179,5.36967124,5.55565402,299387143.4,1137990247,,,,,,,
591,Cosmos,ATOM,25/10/2020,5.64877241,5.26919137,5.555654,5.29901023,335377306.9,1085658561,,,,,,,
592,Cosmos,ATOM,26/10/2020,5.35995767,4.99427157,5.29901014,5.15221952,394953224.1,1055814649,,,,,,,
593,Cosmos,ATOM,27/10/2020,5.31837122,5.07141007,5.1522177,5.15698607,369482286.5,1057022381,,,,,,,
594,Cosmos,ATOM,28/10/2020,5.1569861,4.72304607,5.1569861,4.80791712,308672970.3,985689356.2,,,,,,,
595,Cosmos,ATOM,29/10/2020,4.85964905,4.53073212,4.80791976,4.62976658,264946474.7,949373088.5,,,,,,,
596,Cosmos,ATOM,30/10/2020,4.70565849,4.35486723,4.62973113,4.62476393,319273601.4,948554275.1,,,,,,,
597,Cosmos,ATOM,31/10/2020,4.79759097,4.59388877,4.62484903,4.62013084,261345268.2,947810886.5,,,,,,,
598,Cosmos,ATOM,1/11/2020,4.84457299,4.5405715,4.62013084,4.7356045,271482141.8,971713146.1,,,,,,,
599,Cosmos,ATOM,2/11/2020,4.87017737,4.56351066,4.73560449,4.61016451,320334368.5,946180854.2,,,,,,,
600,Cosmos,ATOM,3/11/2020,4.61016318,4.31618315,4.61016318,4.47697378,307581881.8,918945775,,,,,,,
601,Cosmos,ATOM,4/11/2020,4.48173175,4.22025758,4.47696374,4.38550943,313836974.4,900467123.5,,,,,,,
602,Cosmos,ATOM,5/11/2020,4.57826383,4.28094763,4.38551879,4.51377971,203956084.6,927006928.1,,,,,,,
603,Cosmos,ATOM,6/11/2020,4.93811908,4.47922896,4.51377056,4.87108582,250264714.5,1000605310,,,,,,,
604,Cosmos,ATOM,7/11/2020,5.15033161,4.52685856,4.87108583,4.61772233,292254641.4,948767092.4,,,,,,,
605,Cosmos,ATOM,8/11/2020,4.89467156,4.5691331,4.61772233,4.80334628,168143536.7,987120749.4,,,,,,,
606,Cosmos,ATOM,9/11/2020,5.1826187,4.68434185,4.80334314,5.13356293,240331275.5,1055209363,,,,,,,
607,Cosmos,ATOM,10/11/2020,5.26075918,4.91410431,5.13385707,5.07848133,215083725,1044111105,,,,,,,
608,Cosmos,ATOM,11/11/2020,5.25793514,5.01906554,5.07847359,5.03386773,205405671.2,1035160414,,,,,,,
609,Cosmos,ATOM,12/11/2020,5.29856477,4.94472748,5.0338442,5.03527003,237165649.6,1035670698,,,,,,,
610,Cosmos,ATOM,13/11/2020,5.2567613,5.01926817,5.03525439,5.21096513,184471342.4,1072041422,,,,,,,
611,Cosmos,ATOM,14/11/2020,5.23672152,5.0037773,5.21096513,5.04742864,157621182.8,1038622811,,,,,,,
612,Cosmos,ATOM,15/11/2020,5.11546729,4.87033841,5.04742859,4.98014056,122779028.8,1024999241,,,,,,,
613,Cosmos,ATOM,16/11/2020,5.17021328,4.93581799,4.98014059,5.10054222,153196941.9,1050007475,,,,,,,
614,Cosmos,ATOM,17/11/2020,5.35304387,5.12777351,5.13302182,5.28647521,204595413.9,1088519316,,,,,,,
615,Cosmos,ATOM,18/11/2020,5.31531473,4.94955689,5.28646903,5.10066778,209635610.1,1050499771,,,,,,,
616,Cosmos,ATOM,19/11/2020,5.20245728,4.98544869,5.10063187,5.09063466,154067530,1048685940,,,,,,,
617,Cosmos,ATOM,20/11/2020,5.44899089,5.08340913,5.09065674,5.27023722,223688661.7,1085945258,,,,,,,
618,Cosmos,ATOM,21/11/2020,5.92058532,5.26419701,5.27023722,5.89125746,334465901.1,1214199996,,,,,,,
619,Cosmos,ATOM,22/11/2020,5.95344207,5.28533537,5.89125757,5.46323492,314004493.7,1126253623,,,,,,,
620,Cosmos,ATOM,23/11/2020,5.90326525,5.43633779,5.46323799,5.80081328,296001865.4,1196131925,,,,,,,
621,Cosmos,ATOM,24/11/2020,6.40191899,5.678679,5.80035763,5.9503631,455479630.8,1227264630,,,,,,,
622,Cosmos,ATOM,25/11/2020,6.45676272,5.78756669,5.95056349,5.92368189,367760757.2,1222056151,,,,,,,
623,Cosmos,ATOM,26/11/2020,6.26314553,5.05327124,5.92044175,5.32897524,475650477.3,1099633188,,,,,,,
624,Cosmos,ATOM,27/11/2020,5.44331402,5.11892303,5.33111135,5.35995333,236297555.4,1106291774,,,,,,,
625,Cosmos,ATOM,28/11/2020,5.53638623,5.23558767,5.36137509,5.43474024,184123146.3,1121997782,,,,,,,
626,Cosmos,ATOM,29/11/2020,5.54245633,5.32581572,5.43511831,5.42522156,194782627.7,1120302815,,,,,,,
627,Cosmos,ATOM,30/11/2020,5.65480385,5.34351487,5.42433095,5.55477948,237396324.4,1147332677,,,,,,,
628,Cosmos,ATOM,1/12/2020,5.69752129,5.17774788,5.55544683,5.26928455,258458947.1,1088625276,,,,,,,
629,Cosmos,ATOM,2/12/2020,5.54175349,5.21823903,5.26883516,5.49968424,245897232.9,1136499328,,,,,,,
630,Cosmos,ATOM,3/12/2020,5.64622504,5.36807635,5.50056754,5.50393328,194837292.1,1137651363,,,,,,,
631,Cosmos,ATOM,4/12/2020,5.53785838,5.01389998,5.50397868,5.07277271,195489824.3,1048783777,,,,,,,
632,Cosmos,ATOM,5/12/2020,5.29317971,4.99215829,5.07152353,5.25766705,166084668,1087272868,,,,,,,
633,Cosmos,ATOM,6/12/2020,5.28448697,5.09391922,5.25787143,5.20797196,145787931.8,1077256276,,,,,,,
634,Cosmos,ATOM,7/12/2020,5.22487253,5.08604675,5.20793549,5.09583909,129741017.3,1054316003,,,,,,,
635,Cosmos,ATOM,8/12/2020,5.1397973,4.66609888,5.09622934,4.73381583,166125607.8,979650649.9,,,,,,,
636,Cosmos,ATOM,9/12/2020,4.87940619,4.57415435,4.73401956,4.80536594,188249912.1,994697127.7,,,,,,,
637,Cosmos,ATOM,10/12/2020,4.81487659,4.65273471,4.80537343,4.65964542,145623120.6,964765769.2,,,,,,,
638,Cosmos,ATOM,11/12/2020,4.8512609,4.49148927,4.65977289,4.71015145,190251669.7,975457460.4,,,,,,,
639,Cosmos,ATOM,12/12/2020,5.1050812,4.70610564,4.70863991,5.06927023,140392205.3,1050082506,,,,,,,
640,Cosmos,ATOM,13/12/2020,5.35735524,5.05723274,5.06936523,5.18953431,172151624.1,1075253119,,,,,,,
641,Cosmos,ATOM,14/12/2020,5.31160488,5.03844318,5.19013393,5.22381631,139005677,1082616001,,,,,,,
642,Cosmos,ATOM,15/12/2020,5.36275782,5.07239386,5.22395213,5.29839473,162574655.6,1098335447,,,,,,,
643,Cosmos,ATOM,16/12/2020,5.49743485,5.16518415,5.2981077,5.47783087,269777410.4,1135803815,,,,,,,
644,Cosmos,ATOM,17/12/2020,5.72038385,5.32114821,5.4775947,5.35990716,342779989.8,1111619733,,,,,,,
645,Cosmos,ATOM,18/12/2020,5.43887322,5.21817293,5.3605329,5.33006117,227710105.9,1105695660,,,,,,,
646,Cosmos,ATOM,19/12/2020,5.44142338,5.26834933,5.32982104,5.29267862,204767438.7,1098204861,,,,,,,
647,Cosmos,ATOM,20/12/2020,5.35013861,4.95895602,5.29218417,5.02579253,218893864.6,1043078285,,,,,,,
648,Cosmos,ATOM,21/12/2020,5.1417634,4.82056831,5.02681259,5.04294578,263918276.8,1046890046,,,,,,,
649,Cosmos,ATOM,22/12/2020,5.09269221,4.74268591,5.04231229,4.95038697,301783565.2,1027922442,,,,,,,
650,Cosmos,ATOM,23/12/2020,4.99504932,4.2740559,4.95008914,4.37769826,336004305.9,909225177.6,,,,,,,
651,Cosmos,ATOM,24/12/2020,4.98931386,4.24214725,4.38045158,4.94901222,289019034.6,1028131279,,,,,,,
652,Cosmos,ATOM,25/12/2020,5.04479909,4.7634614,4.94923235,4.91484499,220602608.8,1021278845,,,,,,,
653,Cosmos,ATOM,26/12/2020,4.95572241,4.73194246,4.9148818,4.78878714,187812724.7,995323754.3,,,,,,,
654,Cosmos,ATOM,27/12/2020,5.00502012,4.59271528,4.78924948,4.8271093,282789432.9,1003531564,,,,,,,
655,Cosmos,ATOM,28/12/2020,5.54530515,4.80479452,4.82722028,5.35629858,321729216.9,1113817277,,,,,,,
656,Cosmos,ATOM,29/12/2020,5.67151153,5.03465313,5.35976044,5.62725399,393364458.8,1170444675,,,,,,,
657,Cosmos,ATOM,30/12/2020,5.79849114,5.40482743,5.62387331,5.43616156,408834920.6,1130971366,,,,,,,
658,Cosmos,ATOM,31/12/2020,6.49320336,5.25607791,5.4348934,6.49320336,499347023.9,1351210279,,,,,,,
659,Cosmos,ATOM,1/1/2021,6.50699792,5.65240126,6.4902967,5.86855577,492387731.7,1221517404,,,,,,,
660,Cosmos,ATOM,2/1/2021,5.88221099,5.31914022,5.86928188,5.41461349,599846982.4,1127305816,,,,,,,
661,Cosmos,ATOM,3/1/2021,5.90064472,5.30171252,5.41630121,5.81389797,525732595.9,1210730092,,,,,,,
662,Cosmos,ATOM,4/1/2021,6.26262515,5.36568558,5.81733869,5.99676998,627610837.1,1249114394,,,,,,,
663,Cosmos,ATOM,5/1/2021,6.36860992,5.66876623,6.00238105,6.21681599,609572486.1,1295265101,,,,,,,
664,Cosmos,ATOM,6/1/2021,6.94524849,5.88526302,6.21718287,6.68048696,773764043.1,1392210620,,,,,,,
665,Cosmos,ATOM,7/1/2021,6.84409783,6.14285067,6.68191443,6.27501977,649595017.1,1308031334,,,,,,,
666,Cosmos,ATOM,8/1/2021,6.33437663,5.71097154,6.2743566,5.95144498,638646885.7,1240885083,,,,,,,
667,Cosmos,ATOM,9/1/2021,6.72299214,5.8383772,5.94998741,6.53939622,687660265.1,1363807715,,,,,,,
668,Cosmos,ATOM,10/1/2021,7.14315998,6.00222216,6.54199249,6.43004165,779660148.1,1341329728,,,,,,,
669,Cosmos,ATOM,11/1/2021,6.42954499,5.02707302,6.42954499,5.72138687,755034143.1,1193793777,,,,,,,
670,Cosmos,ATOM,12/1/2021,6.13934615,5.52239666,5.72002668,5.69971706,560645822.6,1189564025,,,,,,,
671,Cosmos,ATOM,13/1/2021,6.24784273,5.55953167,5.69904919,6.22269886,461959283.9,1299031202,,,,,,,
672,Cosmos,ATOM,14/1/2021,6.57536429,6.15204158,6.22229539,6.43932064,534626328.7,1344580741,,,,,,,
673,Cosmos,ATOM,15/1/2021,8.35952145,6.44355941,6.44355941,7.93873664,1762870087,1658075786,,,,,,,
674,Cosmos,ATOM,16/1/2021,9.50887332,7.61664894,7.9255446,9.02906558,1477107371,1886262558,,,,,,,
675,Cosmos,ATOM,17/1/2021,9.17779186,8.0577495,9.03295253,8.50661725,962808614.8,1777552172,,,,,,,
676,Cosmos,ATOM,18/1/2021,9.84215301,8.51091796,8.51091796,9.49400802,983655098,1984361397,,,,,,,
677,Cosmos,ATOM,19/1/2021,10.13004986,8.89519793,9.50559168,8.97740807,803693026.8,1876842917,,,,,,,
678,Cosmos,ATOM,20/1/2021,9.45087887,8.00906268,8.9636105,8.90316239,813139538.5,1861774925,,,,,,,
679,Cosmos,ATOM,21/1/2021,8.94009047,7.12509265,8.90473608,7.15371961,710443529.2,1496307296,,,,,,,
680,Cosmos,ATOM,22/1/2021,8.43875868,6.68754559,7.15085713,8.01366653,810366152.7,1676587168,,,,,,,
681,Cosmos,ATOM,23/1/2021,8.67573974,7.86687045,8.00710144,8.31110346,682782541.1,1739239735,,,,,,,
682,Cosmos,ATOM,24/1/2021,8.77990852,7.90686653,8.31112809,8.24055499,593793753.3,1724896717,,,,,,,
683,Cosmos,ATOM,25/1/2021,8.51906095,7.70655426,8.24147679,7.75884311,557948227.9,1624461154,,,,,,,
684,Cosmos,ATOM,26/1/2021,7.9383721,7.42151373,7.75613052,7.71998974,530402384.7,1616719874,,,,,,,
685,Cosmos,ATOM,27/1/2021,7.75012462,6.78690387,7.71894354,6.98888227,588954472.9,1463967788,,,,,,,
686,Cosmos,ATOM,28/1/2021,8.45157102,6.87003949,6.98956057,8.12952767,756476238.9,1703314341,,,,,,,
687,Cosmos,ATOM,29/1/2021,8.45330217,7.72062952,8.19744551,7.98290031,679210995.1,1672999230,,,,,,,
688,Cosmos,ATOM,30/1/2021,8.28015699,7.76432761,7.98270211,8.04934246,437009194,1687332665,,,,,,,
689,Cosmos,ATOM,31/1/2021,8.86179258,7.7405923,8.04994473,8.13737607,618250965.3,1706199507,,,,,,,
690,Cosmos,ATOM,1/2/2021,9.21141436,7.84392569,8.13805045,9.21141436,646040739.2,1931864811,,,,,,,
691,Cosmos,ATOM,2/2/2021,9.31767277,8.71794274,9.22061523,8.90453897,534811920.1,1867956508,,,,,,,
692,Cosmos,ATOM,3/2/2021,9.39503983,8.76239516,8.90255703,9.2818901,570129740.5,1947583974,,,,,,,
693,Cosmos,ATOM,4/2/2021,9.4773186,8.68826645,9.28306118,9.18659397,535873979.3,1928054060,,,,,,,
694,Cosmos,ATOM,5/2/2021,12.66389579,9.05716307,9.17929099,12.15978836,1461410929,2552675241,,,,,,,
695,Cosmos,ATOM,6/2/2021,13.48261696,11.34863404,12.1557168,12.01680833,1448899768,2523266522,,,,,,,
696,Cosmos,ATOM,7/2/2021,13.9380691,11.53553502,12.03663439,13.91670339,1590915578,2922904287,,,,,,,
697,Cosmos,ATOM,8/2/2021,14.95534759,13.30737377,13.91370384,14.23693214,1518972157,2990881471,,,,,,,
698,Cosmos,ATOM,9/2/2021,15.46396821,13.81847224,14.22519957,15.08640827,1171768507,3170099741,,,,,,,
699,Cosmos,ATOM,10/2/2021,15.42029018,13.64601038,15.07759262,15.00243474,1153342397,3153214022,,,,,,,
700,Cosmos,ATOM,11/2/2021,18.21134296,14.85404345,15.00327545,17.77507977,1616374651,3736868755,,,,,,,
701,Cosmos,ATOM,12/2/2021,22.0224315,17.3397216,17.71987537,21.19640347,2510219997,4457209829,,,,,,,
702,Cosmos,ATOM,13/2/2021,22.0037034,19.36840339,21.15325303,20.24965234,1645993970,4259154792,,,,,,,
703,Cosmos,ATOM,14/2/2021,20.6680568,18.60434035,20.24971197,19.24309907,1465793876,4048425617,,,,,,,
704,Cosmos,ATOM,15/2/2021,24.84535373,15.32627934,19.21809873,22.46043982,3139128654,4726440284,,,,,,,
705,Cosmos,ATOM,16/2/2021,26.4193846,22.43325485,22.43325485,25.18671103,3365947568,5301410963,,,,,,,
706,Cosmos,ATOM,17/2/2021,25.7993682,22.60400684,25.1710244,23.86461322,2407499286,5024328081,,,,,,,
707,Cosmos,ATOM,18/2/2021,24.88529329,22.83665755,23.86586382,23.13782245,1179216179,4871692813,,,,,,,
708,Cosmos,ATOM,19/2/2021,23.50934014,21.75032094,23.14118089,22.86937248,868958194.8,4815170391,,,,,,,
709,Cosmos,ATOM,20/2/2021,24.33147539,20.83188906,22.87352976,21.75671953,1273167407,4580900144,,,,,,,
710,Cosmos,ATOM,21/2/2021,22.63337905,20.91779404,21.74268086,21.59142606,1205468751,4546097430,,,,,,,
711,Cosmos,ATOM,22/2/2021,21.63424317,17.06246126,21.59177859,21.30621488,1407827926,4490897326,,,,,,,
712,Cosmos,ATOM,23/2/2021,23.28934341,15.36736592,21.25479756,20.12894083,2172119298,4243806394,,,,,,,
713,Cosmos,ATOM,24/2/2021,21.2513372,18.80108336,20.14457515,19.49960415,1094985831,4112144387,,,,,,,
714,Cosmos,ATOM,25/2/2021,20.46405461,17.67145787,19.497597,17.76339623,808907107.8,3746935964,,,,,,,
715,Cosmos,ATOM,26/2/2021,18.88077075,16.1961481,17.80275099,18.81569674,1002590770,3969888435,,,,,,,
716,Cosmos,ATOM,27/2/2021,20.52564258,18.28698526,18.82463796,19.17072582,765692912.3,4045796647,,,,,,,
717,Cosmos,ATOM,28/2/2021,19.20622098,16.68281693,19.16955852,17.6227647,587524522.5,3720036585,,,,,,,
718,Cosmos,ATOM,1/3/2021,18.65236699,17.61487481,17.63010349,18.6104849,472927333.5,3929510158,,,,,,,
719,Cosmos,ATOM,2/3/2021,20.36632519,18.09790856,18.60608515,18.82212309,718143874.7,3975178915,,,,,,,
720,Cosmos,ATOM,3/3/2021,21.89042595,18.71421511,18.83208849,21.43749432,757982550.4,4528659615,,,,,,,
721,Cosmos,ATOM,4/3/2021,21.66120764,18.30038361,21.43094403,18.91533177,787374728.6,3996834454,,,,,,,
722,Cosmos,ATOM,5/3/2021,19.21079837,18.02110615,18.87986005,18.69241215,476063491.4,3950695395,,,,,,,
723,Cosmos,ATOM,6/3/2021,19.04994717,18.31149462,18.67192673,18.93380948,300453276.3,4002709749,,,,,,,
724,Cosmos,ATOM,7/3/2021,19.4936591,18.69877408,18.93575938,19.4936591,419414761.2,4122089074,,,,,,,
725,Cosmos,ATOM,8/3/2021,19.82258126,18.61591121,19.49223839,19.3552362,526566397.2,4093836050,,,,,,,
726,Cosmos,ATOM,9/3/2021,21.13463596,19.06306853,19.35555003,21.13457975,720374763.5,4471293063,,,,,,,
727,Cosmos,ATOM,10/3/2021,21.24443549,19.18878441,21.12767785,19.63877487,686624202.4,4155863433,,,,,,,
728,Cosmos,ATOM,11/3/2021,19.72854322,18.71797951,19.62176303,19.2894387,515970926.5,4082943054,,,,,,,
729,Cosmos,ATOM,12/3/2021,19.44265771,17.96664669,19.29537175,18.58996799,597307350.8,3935858503,,,,,,,
730,Cosmos,ATOM,13/3/2021,19.80311324,17.89935852,18.59487867,19.38295999,507506351.5,4104753273,,,,,,,
731,Cosmos,ATOM,14/3/2021,19.49231495,18.4867997,19.3745004,18.55370473,346186682.5,3930100459,,,,,,,
732,Cosmos,ATOM,15/3/2021,21.03461735,18.02566563,18.54269135,20.03556492,889262383.3,4244760826,,,,,,,
733,Cosmos,ATOM,16/3/2021,21.90399171,18.84062923,19.99283499,21.0300093,885241939.6,4455867901,,,,,,,
734,Cosmos,ATOM,17/3/2021,21.62736597,19.68862582,21.01911075,20.91105213,754267205,4430663088,,,,,,,
735,Cosmos,ATOM,18/3/2021,24.52056267,20.593712,20.89782754,22.23555744,1266471148,4714008012,,,,,,,
736,Cosmos,ATOM,19/3/2021,23.18721995,21.59009656,22.21194178,22.29199645,729707578.4,4725973260,,,,,,,
737,Cosmos,ATOM,20/3/2021,22.78622998,20.9057067,22.28871803,20.9057067,452014941.2,4432075478,,,,,,,
738,Cosmos,ATOM,21/3/2021,21.31055311,20.01506812,20.93950909,20.50726142,500747504.1,4347603828,,,,,,,
739,Cosmos,ATOM,22/3/2021,21.12763744,19.20733253,20.51008213,19.33380374,575697288.1,4098827113,,,,,,,
740,Cosmos,ATOM,23/3/2021,19.86573487,18.77002701,19.31957806,18.78286239,506789292.2,3982025818,,,,,,,
741,Cosmos,ATOM,24/3/2021,19.80097667,16.79752021,18.77868064,17.59081474,633801536.5,3729307971,,,,,,,
742,Cosmos,ATOM,25/3/2021,18.0047613,16.75840626,17.5768308,17.21056926,708851375.2,3648694735,,,,,,,
743,Cosmos,ATOM,26/3/2021,18.96952647,17.14080192,17.20635533,18.96671807,546688599.5,4021003798,,,,,,,
744,Cosmos,ATOM,27/3/2021,19.20960082,18.07105283,18.96423587,18.70562428,450888518,3965651096,,,,,,,
745,Cosmos,ATOM,28/3/2021,19.88243221,18.47138026,18.7067813,19.30849576,525999156.3,4093461742,,,,,,,
746,Cosmos,ATOM,29/3/2021,20.8655177,19.09541024,19.31266035,20.27684357,627890577.1,4298754520,,,,,,,
747,Cosmos,ATOM,30/3/2021,20.5903453,19.55378749,20.27256078,19.97778919,482122430.8,4235354051,,,,,,,
748,Cosmos,ATOM,31/3/2021,20.08740544,18.60569746,19.98217773,19.11012164,606283461.1,4051405805,,,,,,,
749,Cosmos,ATOM,1/4/2021,19.85713517,19.01782971,19.11145416,19.64423802,547109425.4,4164640157,,,,,,,
750,Cosmos,ATOM,2/4/2021,20.50772546,19.28300105,19.63121027,20.41269041,488967387,4327554477,,,,,,,
751,Cosmos,ATOM,3/4/2021,22.71042231,20.2158556,20.41352961,20.26838186,1129111741,4296960610,,,,,,,
752,Cosmos,ATOM,4/4/2021,22.02485429,19.97066326,20.25384513,21.73773211,675075626.8,4608467479,,,,,,,
753,Cosmos,ATOM,5/4/2021,22.3162404,20.43956058,21.73871449,21.46270972,731003936.6,4550161867,,,,,,,
754,Cosmos,ATOM,6/4/2021,23.2282505,21.12706118,21.48589328,21.7734846,1006022060,4616047118,,,,,,,
755,Cosmos,ATOM,7/4/2021,22.14639917,18.89859626,21.7090082,19.583047,972381406.7,4151667468,,,,,,,
756,Cosmos,ATOM,8/4/2021,20.60095564,19.52180313,19.59064959,20.51900069,493696313.8,4350092589,,,,,,,
757,Cosmos,ATOM,9/4/2021,21.53527316,20.52312139,20.52312139,21.3995859,427397698.2,4536779420,,,,,,,
758,Cosmos,ATOM,10/4/2021,22.66015597,20.55209055,21.4218293,21.05586532,633036095,4463909578,,,,,,,
759,Cosmos,ATOM,11/4/2021,23.53052849,20.75355278,21.03434922,23.34590421,596496781,4949405013,,,,,,,
760,Cosmos,ATOM,12/4/2021,23.74332573,21.2914507,23.46105339,22.04622919,814213455.6,4643859720,,,,,,,
761,Cosmos,ATOM,13/4/2021,24.8700989,21.41764979,22.01251152,23.86588797,969280252.7,5027156112,,,,,,,
762,Cosmos,ATOM,14/4/2021,27.10128601,22.87462854,23.81595811,27.10128601,1567041643,5708666520,,,,,,,
763,Cosmos,ATOM,15/4/2021,28.48574541,26.01755879,27.09422074,27.97422338,1359497938,5892543711,,,,,,,
764,Cosmos,ATOM,16/4/2021,28.14101318,24.1482742,27.82248046,25.57723046,1003837201,5388877943,,,,,,,
765,Cosmos,ATOM,17/4/2021,27.51499506,24.58696339,25.55883279,24.64755595,799905822.3,5193004411,,,,,,,
766,Cosmos,ATOM,18/4/2021,25.02488285,17.57719792,24.62717968,21.37764444,1347894255,4504065315,,,,,,,
767,Cosmos,ATOM,19/4/2021,22.23867395,18.92114114,21.42241496,19.28563883,817680389.5,4063448727,,,,,,,
768,Cosmos,ATOM,20/4/2021,21.54713666,17.70531995,19.21008992,21.25010433,1070969900,4477685774,,,,,,,
769,Cosmos,ATOM,21/4/2021,21.46721025,19.39911739,21.2760738,19.63514697,695415700.3,4137544598,,,,,,,
770,Cosmos,ATOM,22/4/2021,21.51041213,18.64439572,19.57815378,18.7723252,817952267,3955750119,,,,,,,
771,Cosmos,ATOM,23/4/2021,20.49455852,16.71459596,18.77873382,20.47758324,1022942872,4315915457,,,,,,,
772,Cosmos,ATOM,24/4/2021,20.51291495,18.3786766,20.50189473,18.39421191,472708341.4,3876818009,,,,,,,
773,Cosmos,ATOM,25/4/2021,19.63274725,17.74521765,18.43621805,18.65067122,440210763.1,3930870125,,,,,,,
774,Cosmos,ATOM,26/4/2021,22.7646123,18.51039165,18.70171848,22.0742303,752531946,4652429470,,,,,,,
775,Cosmos,ATOM,27/4/2021,23.41724403,21.76339452,22.09621723,23.04837231,588246764.6,4857842343,,,,,,,
776,Cosmos,ATOM,28/4/2021,24.11510115,21.83762428,23.04727328,22.95691795,664789988.3,4838566757,,,,,,,
777,Cosmos,ATOM,29/4/2021,22.96899523,21.18705032,22.96899523,22.12502731,504570590.9,4663231445,,,,,,,
778,Cosmos,ATOM,30/4/2021,23.4158877,21.74995484,22.21280464,22.72773528,530264906.8,4790262553,,,,,,,
779,Cosmos,ATOM,1/5/2021,24.47114717,22.46610952,22.72363223,23.81965762,604499347.1,5020404036,,,,,,,
780,Cosmos,ATOM,2/5/2021,23.93241163,22.34564179,23.79652028,23.09726427,449119707.1,4868147168,,,,,,,
781,Cosmos,ATOM,3/5/2021,23.75726831,22.46016663,23.08909786,22.96747505,481400618.4,4840791849,,,,,,,
782,Cosmos,ATOM,4/5/2021,23.31665529,20.92245091,22.95215219,21.04228675,677921085.3,4435025181,,,,,,,
783,Cosmos,ATOM,5/5/2021,24.78329831,20.62775721,20.96499336,24.76270742,813419448.3,5219168061,,,,,,,
784,Cosmos,ATOM,6/5/2021,27.04143177,24.32396736,24.85125939,25.53327512,1302592314,5381578507,,,,,,,
785,Cosmos,ATOM,7/5/2021,32.13686509,25.0189692,25.52684057,28.74724687,2221425535,6058978534,,,,,,,
786,Cosmos,ATOM,8/5/2021,31.42007617,26.90652617,28.61167863,29.43514958,1373994440,6203965906,,,,,,,
787,Cosmos,ATOM,9/5/2021,29.95605063,26.53253832,29.48237199,28.77955316,930674662.2,6065787643,,,,,,,
788,Cosmos,ATOM,10/5/2021,29.85805335,23.86926712,28.71030021,25.33628698,937692558.6,5340059854,,,,,,,
789,Cosmos,ATOM,11/5/2021,27.05516688,23.87216038,25.34478076,26.90596678,733948640.9,5670896970,,,,,,,
790,Cosmos,ATOM,12/5/2021,27.76502866,22.67820971,26.87953579,22.67820971,802785055.3,4779824186,,,,,,,
791,Cosmos,ATOM,13/5/2021,25.28954646,21.95192749,22.9989146,23.54801357,874404509.1,4963150363,,,,,,,
792,Cosmos,ATOM,14/5/2021,25.76825673,23.42725903,23.53669563,25.76825673,674797919.1,5431104937,,,,,,,
793,Cosmos,ATOM,15/5/2021,28.68550951,24.48514905,25.83684184,24.57972633,1606586942,5180601637,,,,,,,
794,Cosmos,ATOM,16/5/2021,26.59406353,22.75496005,24.4628569,24.3237534,1001590225,5126650924,,,,,,,
795,Cosmos,ATOM,17/5/2021,24.28079724,20.68576385,24.28079724,21.10904437,884150005.3,4449095500,,,,,,,
796,Cosmos,ATOM,18/5/2021,23.35721727,20.86216176,21.05205019,22.82376307,628851420.3,4810502068,,,,,,,
797,Cosmos,ATOM,19/5/2021,23.49331437,9.87289112,22.85521843,13.93735232,1229910772,2937537599,,,,,,,
798,Cosmos,ATOM,20/5/2021,17.35502678,12.26673903,13.7862253,16.99842979,848745789.7,3582712518,,,,,,,
799,Cosmos,ATOM,21/5/2021,17.58556383,11.40968497,16.93605867,13.56206809,651112785.5,2858439968,,,,,,,
800,Cosmos,ATOM,22/5/2021,13.67832123,11.57154225,13.59481111,12.23784493,438907433.8,2579337079,,,,,,,
801,Cosmos,ATOM,23/5/2021,13.11193286,8.58287814,12.2493074,11.73848318,706855396.6,2474087969,,,,,,,
802,Cosmos,ATOM,24/5/2021,14.44259402,11.15885675,11.68691135,14.44259402,568781724.4,3044026010,,,,,,,
803,Cosmos,ATOM,25/5/2021,14.92492507,12.45513363,14.51482447,13.91077807,484822529.7,2931936618,,,,,,,
804,Cosmos,ATOM,26/5/2021,15.6530823,13.64977166,13.94835776,15.26393561,411442619.2,3217137929,,,,,,,
805,Cosmos,ATOM,27/5/2021,15.31938233,13.61787814,15.27377061,14.41951447,317841306.2,3039161595,,,,,,,
806,Cosmos,ATOM,28/5/2021,14.5834367,12.03754912,14.50191642,12.71808147,349062685,2680555219,,,,,,,
807,Cosmos,ATOM,29/5/2021,14.36887016,11.3997671,12.69914629,12.06832355,352176882.1,2543607520,,,,,,,
808,Cosmos,ATOM,30/5/2021,13.10941295,11.32845061,12.04848495,12.5888373,240724029.5,2653314778,,,,,,,
809,Cosmos,ATOM,31/5/2021,13.9941215,11.92145914,12.56707602,13.9941215,264741804.3,2949502683,,,,,,,
810,Cosmos,ATOM,1/6/2021,14.52504878,13.38980084,13.97379989,13.75741809,249500249.9,2899613353,,,,,,,
811,Cosmos,ATOM,2/6/2021,15.31612378,13.59825044,13.75518925,14.85279319,271173287.2,3130482565,,,,,,,
812,Cosmos,ATOM,3/6/2021,17.18621761,14.66681312,14.85487806,16.63729525,424392228.9,3506597180,,,,,,,
813,Cosmos,ATOM,4/6/2021,17.08243676,14.07182543,16.66041642,15.08472673,358169132.4,3179366562,,,,,,,
814,Cosmos,ATOM,5/6/2021,16.33470758,14.29349394,15.08416709,14.87379772,296675573.3,3134909632,,,,,,,
815,Cosmos,ATOM,6/6/2021,15.40638547,14.51620638,14.88273564,15.09888382,179969374.1,3182350413,,,,,,,
816,Cosmos,ATOM,7/6/2021,15.78447266,13.31871551,15.11081997,13.41445135,243486314.5,2827327192,,,,,,,
817,Cosmos,ATOM,8/6/2021,13.81398711,12.07549793,13.4620429,13.63086725,343761380.1,2872940580,,,,,,,
818,Cosmos,ATOM,9/6/2021,14.01156019,12.62404852,13.57824879,13.93913485,294948281.1,2937913297,,,,,,,
819,Cosmos,ATOM,10/6/2021,14.05253287,12.58818748,13.94008429,12.80816122,233579974.8,2699541082,,,,,,,
820,Cosmos,ATOM,11/6/2021,12.9376005,11.57639171,12.83749737,11.93714826,204520313.6,2515960063,,,,,,,
821,Cosmos,ATOM,12/6/2021,12.05247024,10.93587042,11.95213216,11.61866456,206405161,2448834127,,,,,,,
822,Cosmos,ATOM,13/6/2021,12.51460722,11.31865423,11.6306769,12.50014734,211088942.5,2634621839,,,,,,,
823,Cosmos,ATOM,14/6/2021,13.39122974,12.24358333,12.52261911,12.61107974,220702152.3,2658002756,,,,,,,
824,Cosmos,ATOM,15/6/2021,13.56964573,12.66801936,13.35057715,13.3602947,239421956.8,2815912743,,,,,,,
825,Cosmos,ATOM,16/6/2021,13.443987,12.3740244,12.95696021,13.38144006,247739768,2820369494,,,,,,,
826,Cosmos,ATOM,17/6/2021,14.58034885,13.30263434,13.4080136,13.60036792,338386823.9,2866512318,,,,,,,
827,Cosmos,ATOM,18/6/2021,13.62718449,11.98525498,13.62718449,12.42953431,217822614.5,2619738924,,,,,,,
828,Cosmos,ATOM,19/6/2021,12.71294353,11.85833179,12.45504802,11.94155811,161619799.3,2516889517,,,,,,,
829,Cosmos,ATOM,20/6/2021,12.3945785,11.06606846,11.90777741,12.01341165,199179692.2,2532033891,,,,,,,
830,Cosmos,ATOM,21/6/2021,12.11064688,9.5052354,11.9901103,9.54827614,280693156.5,2012464027,,,,,,,
831,Cosmos,ATOM,22/6/2021,10.5641281,7.89253077,9.52346298,8.97330087,349942694.6,1891278062,,,,,,,
832,Cosmos,ATOM,23/6/2021,10.48540957,8.58903648,8.97330169,10.09749195,251604609.5,2128220738,,,,,,,
833,Cosmos,ATOM,24/6/2021,10.69880253,9.04434318,9.61766834,10.33978257,208460651.7,2179287669,,,,,,,
834,Cosmos,ATOM,25/6/2021,10.68629857,8.88606595,10.3645621,9.14110998,222812684.5,1926646728,,,,,,,
835,Cosmos,ATOM,26/6/2021,9.54361847,8.66433078,9.08431111,9.54361847,168977555.6,2011482341,,,,,,,
836,Cosmos,ATOM,27/6/2021,10.07096458,9.43114523,9.59445171,10.04968369,176367569.9,2118144322,,,,,,,
837,Cosmos,ATOM,28/6/2021,10.86797367,9.92726855,10.07042365,10.84878229,159345727.9,2286568148,,,,,,,
838,Cosmos,ATOM,29/6/2021,12.8551065,10.8375906,10.88522955,11.57971156,307562253.2,2516962202,,,,,,,
839,Cosmos,ATOM,30/6/2021,12.03083621,11.04300075,11.63539382,12.00351561,224159230.3,2609697589,,,,,,,
840,Cosmos,ATOM,1/7/2021,12.04585494,10.72346152,12.03093614,11.11038903,178901287,2416095461,,,,,,,
841,Cosmos,ATOM,2/7/2021,11.76492484,10.54393529,11.04808001,11.76492484,189141784.8,2559039491,,,,,,,
842,Cosmos,ATOM,3/7/2021,12.19827587,11.54029821,11.79103373,11.81792697,155131664.7,2571183541,,,,,,,
843,Cosmos,ATOM,4/7/2021,12.43396459,11.52069307,11.79960063,12.26354828,144917698.7,2668774948,,,,,,,
844,Cosmos,ATOM,5/7/2021,13.96827108,11.95575263,12.32043666,13.54847514,448935801.9,2949102283,,,,,,,
845,Cosmos,ATOM,6/7/2021,14.02042011,12.82398333,13.55809898,13.15937136,253782183.5,2865092627,,,,,,,
